Index,vars,utterance,Fitness_answer_fitness,Fitness_content_fitness,Fitness_distance,Critical
0,"[0.4509612027884293, 0.9386124924358946, 0.23058586058629463, 0.30370218908961616, 0.5484625544707371, 0.3593029668005829]","Where can I find a hotel with mobile payment, 4-star rating, and available parking?",1.0,0.9687078595161438,-0.0,0
1,"[0.062102310009259476, 0.3929268399499922, 0.8307936798715164, 0.7678995845827412, 0.3744850183268263, 0.825392957061665]",Could you guide me to a low-priced supermarket with available parking?,1.0,0.8911634385585785,-0.0,0
2,"[0.7027136667515487, 0.13161440695280913, 0.1940803744284052, 0.11962676395300396, 0.7890979296277368, 0.7043217160394111]","Take me to a low-priced hotel with a 4.5-star rating and available parking, please.",1.0,0.9249118566513062,-0.0,0
3,"[0.5215534158836574, 0.8734768667390032, 0.8198031552159597, 0.2583784407107443, 0.5210409004243833, 0.972285243960184]",Where can I find a museum with a 4-star rating and available parking?,1.0,0.9626623690128326,-0.0,0
4,"[0.08453537886899115, 0.05521185163543703, 0.05514591516844347, 0.8568050011840417, 0.02925044255817527, 0.91944722909793]",Please guide me to a high-priced Turkish restaurant with available parking.,0.2,1.0,-0.0,1
5,"[0.946233755141764, 0.47602617415260184, 0.6148765713824952, 0.2743161952371829, 0.35613611909080567, 0.5948879628081614]",Failed to generate question due to error 'NoneType' object has no attribute 'replace' of type <class 'AttributeError'>,1.0,0.0,-0.0,1
6,"[0.8015550297332933, 0.15397492723778178, 0.9908344381069586, 0.9174893562099379, 0.36026898503579124, 0.8633204868547955]","Please guide me to a highly-rated hotel with available parking, accepting cash.",1.0,0.9249118566513062,-0.0,0
7,"[0.1007661863741316, 0.9122957934347247, 0.743584707449331, 0.14858705388458746, 0.4399132085788534, 0.13796689547976176]",Take me to a Mexican cafe that accepts contactless payment.,1.0,0.832989513874054,-0.0,0
8,"[0.5902628980238134, 0.631671482862129, 0.8586177853036804, 0.7922153531455522, 0.9456821941635538, 0.13595693021640004]",Could you guide me to a museum with a 4-star rating and available parking?,1.0,0.9626623690128326,-0.0,0
9,"[0.5944967837041388, 0.32844920617497286, 0.5676430735014134, 0.14619987729527018, 0.6841071692554115, 0.8966581568255693]",Where can I find a Vietnamese cafe with medium prices?,1.0,0.832989513874054,-0.0,0
10,"[0.28303275282240054, 0.5699729209487686, 0.021201744798171385, 0.16617704048433363, 0.4033234452513076, 0.8935715491390308]",Take me to a high-rated hotel that accepts mobile payment.,1.0,0.9249118566513062,-0.0,0
11,"[0.5753327899141879, 0.9525219010593304, 0.8778678463500161, 0.17428168923507764, 0.4098661251582697, 0.7535246910735196]",Take me to a 4-star rated museum nearby.,1.0,0.9626623690128326,-0.0,0
12,"[0.495716564813485, 0.6416783533338632, 0.12883450350685666, 0.2615912195199748, 0.05287995837755449, 0.620143685194209]",Take me to a high-rated American restaurant that accepts credit cards.,1.0,0.9640928506851196,-0.0,0
13,"[0.8745198734831232, 0.012386492997298854, 0.9633929800460788, 0.6917492194918959, 0.4598031205905829, 0.2012327263336106]",Please guide me to a highly-rated Greek cafe accepting mobile payments.,1.0,0.9026724696159363,-0.0,0
14,"[0.3272919910943546, 0.061419339753253116, 0.19738909545250333, 0.5833303931697364, 0.5326160664119681, 0.6064150227077978]",Where can I find a high-priced Middle Eastern restaurant with available parking and accepts cash?,1.0,0.9640928506851196,-0.0,0
15,"[0.7623010436961595, 0.7400804318665322, 0.10356737075386901, 0.9277641122146042, 0.7534231837701616, 0.5021990946078165]",Could you guide me to a moderately priced American restaurant with a 4.5 rating and available parking?,1.0,0.9640928506851196,-0.0,0
16,"[0.13237634657203132, 0.058782563300503465, 0.7533804970520939, 0.7059159334002797, 0.6726529408595496, 0.3594329805951008]","Could you guide me to the nearest supermarket, accepting cash payments?",1.0,0.8911634385585785,-0.0,0
17,"[0.031219947085787347, 0.4402327428073481, 0.20210659969298198, 0.8833717981967553, 0.2211614305121811, 0.6837637002745818]",Please guide me to a high-priced bar accepting credit cards with available parking.,1.0,0.9390982389450073,-0.0,0
18,"[0.021871322536119828, 0.29162778281705193, 0.6847439972236875, 0.9755459646532072, 0.9152484562521749, 0.2036641400982246]","I would appreciate guidance to the nearest museum, please.",1.0,0.9626623690128326,-0.0,0
19,"[0.3986070437859623, 0.7472078799492146, 0.8760928331233188, 0.20902681078433702, 0.910631810406814, 0.3736898306273759]",Could you guide me to a 3.5-star Indian cafe nearby?,0.7,0.9026724696159363,-0.0,1
20,"[0.5771855750532338, 0.8482424017900434, 0.356914559587375, 0.8663790854797823, 0.28652037529612856, 0.22040128800833575]",Could you guide me to a highly-rated French restaurant that accepts mobile payment?,1.0,0.9640928506851196,-0.0,0
21,"[0.5585598240295334, 0.13184504416961312, 0.790270990741476, 0.24877131885965825, 0.8151509925933275, 0.7999229889093377]",Please guide me to a museum with a 4-star rating and available parking.,1.0,0.9626623690128326,-0.0,0
22,"[0.8721712375780768, 0.4169208507482092, 0.5757275202277499, 0.8345932389529886, 0.4180338646189249, 0.9143661537353159]",Please guide me to a highly rated Turkish cafe accepting credit cards.,1.0,0.9026724696159363,-0.0,0
23,"[0.08231898461424483, 0.39, 0.84, 0.74, 0.37, 0.83]",Could you guide me to a budget-friendly restaurant with available parking?,1.0,0.9640928506851196,-0.0,0
24,"[0.5285836477041785, 0.75, 0.9, 0.92, 0.91, 0.37]",Could you guide me to a cafe with a 4-star rating and available parking?,1.0,0.9026724696159363,-0.0,0
25,"[0.2331460218949542, 0.6, 0.02, 0.17, 0.68, 0.92]","Find a cafe with 3.5 stars, medium prices, and mobile payment.",1.0,0.9026724696159363,-0.0,0
26,"[0.8690085820225844, 0.48, 0.61, 0.27, 0.36, 0.58]",Find a fancy dining spot that accepts cash and has a top-notch 5-star rating.,1.0,0.9640928506851196,-0.0,0
27,"[0.16917923984208277, 0.63, 0.22, 0.79, 0.93, 0.13]",Could you kindly direct me to a museum with available parking spots?,1.0,0.9626623690128326,-0.0,0
28,"[0.914387671649126, 0.01, 0.91, 0.7, 0.4, 0.91]",Please guide me to a high-rated hotel accepting cash payments.,1.0,0.9249118566513062,-0.0,0
29,"[0.1424517249200792, 0.14, 0.23, 0.77, 0.37, 0.83]",Please guide me to a budget-friendly hotel with parking facilities.,1.0,0.9687078595161438,-0.0,0
30,"[0.05779850857765228, 0.91, 0.74, 0.15, 0.4, 0.14]","Yo, locate a Vietnamese cafe with mobile payment, parking available, medium price range.",1.0,0.9026724696159363,-0.0,0
31,"[0.8872069934963095, 0.48, 0.61, 0.27, 0.36, 0.59]",Failed to generate question due to error 'NoneType' object has no attribute 'replace' of type <class 'AttributeError'>,1.0,1.0,-0.0,0
32,"[0.0353216637896535, 0.06, 0.75, 0.71, 0.67, 0.36]",Could you kindly direct me to the nearest supermarket accepting cash payments?,1.0,0.8911634385585785,-0.0,0
33,"[0.19684865927850226, 0.04, 0.83, 0.86, 0.37, 0.83]",Could you kindly direct me to a high-end Turkish dining establishment with available parking?,0.2,1.0,-0.0,1
34,"[0.5918297559005119, 0.68, 0.07, 0.13, 0.92, 0.48]","Hey, find me a mid-priced American diner with available parking, 4-star rating.",1.0,0.9640928506851196,-0.0,0
35,"[0.3583494109360531, 0.57, 0.02, 0.17, 0.4, 0.89]","Find a Vietnamese cafe with medium prices, 3.5 stars, and mobile payment.",0.7,0.832989513874054,-0.0,1
36,"[0.42605380770464324, 0.64, 0.61, 0.23, 0.04, 0.6]","Find a high-end bar with a 4.0 rating, accepting credit card payments.",1.0,0.9390982389450073,-0.0,0
37,"[0.4507111317274479, 0.42, 0.86, 0.79, 0.2, 0.61]",Locate a museum with a 4-star rating and available parking.,1.0,0.9626623690128326,-0.0,0
38,"[0.13998397623195616, 0.03, 0.04, 0.16, 0.46, 0.2]",Locate a high-end bakery with expensive prices.,1.0,0.8752301037311554,-0.0,0
39,"[0.028669706748133253, 0.39, 0.83, 0.77, 0.37, 0.83]",Could you direct me to a budget-friendly grocery store with available parking?,1.0,0.8911634385585785,-0.0,0
40,"[0.012211307314494518, 0.91, 0.74, 0.15, 0.44, 0.14]",Find me a high-priced Middle Eastern cafe that accepts contactless payments.,1.0,0.9026724696159363,-0.0,0
41,"[0.1404619613172161, 0.06, 0.06, 0.86, 0.03, 0.92]",Please direct me to a Turkish restaurant with high prices and available parking.,0.2,1.0,-0.0,1
42,"[0.5900129582523645, 0.87, 0.82, 0.26, 0.52, 0.97]",Where's a museum with a 4-star rating and parking available?,1.0,0.9626623690128326,-0.0,0
43,"[0.29946824651530596, 0.2334506544796468, 0.9908180061168029, 0.3700415361629246, 0.3305144692736788, 0.6837427716631193]","Find a Turkish restaurant with medium prices and available parking, mobile payment.",1.0,0.9640928506851196,-0.04628402750798699,0
44,"[0.13749066492334444, 0.9035387350288931, 0.805267192445468, 0.9377805348928241, 0.8040676311120747, 0.6047363270286469]",I'm looking for a high-priced supermarket that accepts cash.,0.1,1.0,-0.08429048117398563,1
45,"[0.8729428469408397, 0.4784388519820496, 0.9397849956905703, 0.1345727956207932, 0.2290367758979929, 0.6683345025070581]","Take me to a 5-star hotel with available parking, credit card payment.",0.3,0.9249118566513062,-0.0738909575254707,1
46,"[0.19881059902293363, 0.7613547281134584, 0.08634848110216671, 0.7331917063469486, 0.23833534288097136, 0.5639487548947026]","Could you guide me to a museum nearby, please?",1.0,0.9626623690128326,-0.0888106979485126,0
47,"[0.12849388870674605, 0.8169680374683242, 0.00535799276515328, 0.7860933675834088, 0.32912338428442156, 0.14437770365937547]",Could you guide me to the nearest bakery around here?,1.0,0.8752301037311554,-0.09184326961715017,0
48,"[0.032004504090490604, 0.93, 0.02, 0.15, 0.44, 0.16]","Hey, find a Mexican cafe that accepts contactless payment.",1.0,0.832989513874054,-0.0,0
49,"[0.2531349572672698, 0.57, 0.02, 0.67, 0.4, 0.89]","Locate a Greek cafe with medium pricing, 3.5-star rating, and mobile payment.",1.0,0.832989513874054,-0.0,0
50,"[0.8968902053465129, 0.4, 0.61, 0.27, 0.36, 0.78]",Find a top-rated hotel with available parking.,1.0,0.9249118566513062,-0.0,0
51,"[0.05950214299109213, 0.75, 0.75, 0.69, 0.67, 0.36]",Could you guide me to a cash-friendly cafe with Indian cuisine?,1.0,0.832989513874054,-0.0,0
52,"[0.1769907750010733, 0.91, 0.74, 0.2, 0.4, 0.14]","Locate a Vietnamese cafe with mobile payment, medium price range, and available parking, please.",1.0,0.832989513874054,-0.0,0
53,"[0.2972732405372134, 0.59, 0.06, 0.17, 0.4, 0.89]","Locate a Chinese cafe with mobile payment, 3.5 stars, medium price.",0.7,0.832989513874054,-0.0,1
54,"[0.18970511815545105, 0.06, 0.75, 0.71, 0.67, 0.36]",Could you kindly guide me to a supermarket where I can make a payment in cash?,1.0,0.8911634385585785,-0.0,0
55,"[0.8380023996994522, 0.9, 0.74, 0.15, 0.4, 0.14]","Locate a Vietnamese cafe with medium prices, 5-star rating, mobile payment, and available parking, please.",0.2,1.0,-0.0,1
56,"[0.17623670528563232, 0.03, 0.73, 0.87, 0.46, 0.14]",Could you kindly direct me to a Chinese cafe nearby?,1.0,0.832989513874054,-0.0,0
57,"[0.17586134126245054, 0.39, 0.81, 0.77, 0.37, 0.83]",Please guide me to a budget-friendly supermarket with available parking.,1.0,0.8911634385585785,-0.0,0
58,"[0.08973460187896237, 0.6, 0.73, 0.14, 0.36, 0.92]","Find a cafe that accepts mobile payments, medium price range.",1.0,0.9026724696159363,-0.0,0
59,"[0.3153963654470295, 0.02, 0.04, 0.73, 0.4, 0.21]","Please guide me to a Greek cafe with a 3.5-star rating, accepting mobile payments.",1.0,0.9026724696159363,-0.0,0
60,"[0.09843636028923396, 0.45, 0.83, 0.29, 0.36, 0.82]",Take me to a budget-friendly supermarket with available parking.,1.0,0.8911634385585785,-0.0,0
61,"[0.19882126402300135, 0.06, 0.75, 0.71, 0.67, 0.36]",Could you kindly direct me to a nearby supermarket that accepts cash?,1.0,0.8911634385585785,-0.0,0
62,"[0.006286787020150036, 0.06, 0.06, 0.86, 0.03, 0.92]",Please direct me to a Turkish restaurant with high prices and available parking.,0.2,1.0,-0.0,1
63,"[0.2481072900891279, 0.57, 0.03, 0.86, 0.4, 0.83]",Please guide me to a high-priced Turkish restaurant accepting mobile payments.,0.2,1.0,-0.0,1
64,"[0.006740845525511657, 0.06, 0.75, 0.71, 0.67, 0.36]",Could you kindly guide me to a supermarket that accepts mobile payment?,1.0,0.8911634385585785,-0.0,0
65,"[0.08916530731744116, 0.91, 0.74, 0.15, 0.39, 0.14]","Find me a cafe with cash payment, medium price range, and available parking, please.",1.0,0.832989513874054,-0.0,0
66,"[0.14480682238838463, 0.9, 0.74, 0.85, 0.44, 0.14]","Hey there, mind locating a hip Mexican joint with available parking?",1.0,0.9640928506851196,-0.0,0
67,"[0.048960585898264936, 0.39, 0.05, 0.85, 0.38, 0.88]",Please guide me to a high-priced bakery in the vicinity.,1.0,0.8752301037311554,-0.0,0
68,"[0.7708586276312525, 0.4630102003297383, 0.9604463093547932, 0.5855170868177193, 0.5400960669532268, 0.049791484838867306]","Where can I find a low-priced hotel with a 4.5-star rating and available parking, using mobile payment?",1.0,0.9249118566513062,-0.08593692951954779,0
69,"[0.6159461824758039, 0.6057101933895253, 0.42005595128951045, 0.7438014224927946, 0.6936067689201649, 0.4114873262466231]","Could you guide me to a low-priced hotel with a 4.5-star rating and contactless payment, where parking is available?",1.0,0.9249118566513062,-0.07507572904772841,0
70,"[0.006331214123164772, 0.91, 0.74, 0.15, 0.44, 0.14]","Take me to a Mexican cafe, but make sure they serve Mexican food.",1.0,0.832989513874054,-0.0,0
71,"[0.07156030434434416, 0.79, 0.04, 0.79, 0.33, 0.14]",Could you guide me to a budget-friendly bakery around here?,1.0,0.8752301037311554,-0.0,0
72,"[0.03804205907978917, 0.05, 0.56, 0.15, 0.04, 0.82]",Direct me to a high-end Vietnamese eatery with available parking.,0.2,1.0,-0.0,1
73,"[0.09957810398606858, 0.9, 0.02, 0.68, 0.82, 0.89]",Could you guide me to a supermarket with medium prices that accepts mobile payments and has available parking?,1.0,0.8911634385585785,-0.0,0
74,"[0.9921378700650607, 0.47, 0.61, 0.28, 0.36, 0.59]","Find a hotel with a 5-star rating and medium price, accepting mobile payments.",1.0,0.9249118566513062,-0.0,0
75,"[0.21613274278407607, 0.57, 0.72, 0.15, 0.44, 0.14]","Find a Mexican cafe with contactless payment, 3.5 stars, please.",0.7,0.832989513874054,-0.0,1
76,"[0.20096309703425846, 0.57, 0.08, 0.66, 0.23, 0.66]",Please locate a moderately priced restaurant that accepts credit cards and has a 3.5-star rating.,1.0,0.9640928506851196,-0.0,0
77,"[0.11606548556329715, 0.06, 0.05, 0.86, 0.03, 0.92]",Please guide me to a high-end Turkish restaurant with mobile payment and available parking.,0.2,1.0,-0.0,1
78,"[0.00040048329647839054, 0.59, 0.01, 0.17, 0.4, 0.89]","Find me a bakery with mobile payment, 3.5 stars.",0.7,0.8752301037311554,-0.0,1
79,"[0.08269357751111617, 0.9, 0.81, 0.94, 0.8, 0.61]",I'm searching for a high-end supermarket that accepts cash.,0.1,1.0,-0.0,1
80,"[0.16092366458799381, 0.06, 0.09, 0.86, 0.03, 0.92]",Please guide me to a Turkish restaurant with high prices and available parking.,0.2,1.0,-0.0,1
81,"[0.19725065627635516, 0.76, 0.0, 0.74, 0.24, 0.15]","Hey, could you guide me to a bakery around here?",1.0,0.8752301037311554,-0.0,0
82,"[0.017581364683923045, 0.06, 0.57, 0.14, 0.03, 0.9]","Direct me to a high-end Turkish restaurant with available parking, please.",0.2,1.0,-0.0,1
83,"[0.41441641838825, 0.58, 0.02, 0.67, 0.4, 0.89]","Please guide me to a Greek cafe with medium prices, mobile payment, and a 4.0 rating.",1.0,0.832989513874054,-0.0,0
84,"[0.9366195198268313, 0.48, 0.61, 0.27, 0.36, 0.59]","Locate a Vietnamese cafe with medium prices, mobile payment, and a 5-star rating.",0.2,1.0,-0.0,1
85,"[0.23065030859766572, 0.57, 0.74, 0.15, 0.44, 0.14]","Locate a Mexican cafe, 3.5 stars, contactless payment, please.",0.7,0.832989513874054,-0.0,1
86,"[0.9414493239048971, 0.57, 0.03, 0.69, 0.23, 0.66]",Please guide me to a high-end Vietnamese cafe that accepts credit card payments.,0.2,1.0,-0.0,1
87,"[0.01717293563915792, 0.06, 0.06, 0.86, 0.03, 0.92]",Kindly guide me to a high-end Turkish restaurant with available parking.,0.2,1.0,-0.0,1
88,"[0.011256232778502559, 0.59, 0.06, 0.17, 0.4, 0.89]","Find a bakery, now!",0.2,0.0,-0.0,1
89,"[0.22333954481025092, 0.76, 0.09, 0.73, 0.24, 0.56]",Could you direct me to a museum in the vicinity with a rating of 3.5?,1.0,0.9626623690128326,-0.0,0
90,"[0.6506798498789728, 0.185960875651497, 0.3211088306696965, 0.5661432371099313, 0.9387142628617399, 0.9725581217511841]",Please guide me to a high-rated Vietnamese cafe with contactless payment.,1.0,0.9026724696159363,-0.07954263566819453,0
91,"[0.16883971380492296, 0.9177460231257066, 0.4923854705738479, 0.15576517672699147, 0.021061341670792794, 0.2732519044342349]","Take me to a bakery with low prices, please.",1.0,0.8752301037311554,-0.088084949010662,0
92,"[0.6998855686409804, 0.3504411463653492, 0.4256972013536001, 0.9228815612919701, 0.4517822408996657, 0.6107472558727802]",Could you guide me to a German cafe that accepts cash?,1.0,0.9026724696159363,-0.08782987248147844,0
93,"[0.6419233429778943, 0.3513795083562366, 0.9490304739190089, 0.5951573126488406, 0.21348953739007515, 0.10310230052762298]",Find a highly rated Thai restaurant that accepts cash payments.,1.0,0.9640928506851196,-0.08799428449872337,0
94,"[0.6370907511655939, 0.34698613313258514, 0.2030091893237213, 0.26773004607640116, 0.2021154413123437, 0.7478978283747472]","Take me to a high-priced Chinese cafe with a 4.5 rating, credit card payment, and available parking.",0.2,1.0,-0.06774707859659101,1
95,"[0.24190412755061405, 0.26962216531665995, 0.9595266099080092, 0.7522025656089302, 0.44792999522871657, 0.005353913019628176]",Please guide me to a low-priced hotel with a 3.5-star rating and available parking.,1.0,0.9687078595161438,-0.06346913324622794,0
96,"[0.6295744048125738, 0.61, 0.44, 0.75, 0.7, 0.47]","Could you guide me to a budget-friendly hotel with contactless payment and available parking, rated 4.5?",1.0,0.9687078595161438,-0.0,0
97,"[0.043952332670191274, 0.59, 0.06, 0.98, 0.4, 0.61]",Please guide me to a supermarket that accepts cash and offers medium-priced items.,1.0,0.8911634385585785,-0.0,0
98,"[0.0915758020854885, 0.82, 0.0, 0.79, 0.33, 0.14]",Could you kindly guide me to a bakery in the vicinity?,1.0,0.8752301037311554,-0.0,0
99,"[0.14326233757800677, 0.46, 0.96, 0.59, 0.54, 0.05]",Could you guide me to a nearby bakery with affordable prices?,1.0,0.8752301037311554,-0.0,0
100,"[0.894608489893439, 0.91, 0.74, 0.15, 0.4, 0.14]","Yo, find me a Mexican cafe with medium pricing, 5-star rating, and contactless payment.",1.0,0.832989513874054,-0.0,0
101,"[0.8838510841772385, 0.48, 0.61, 0.27, 0.36, 0.59]",Find a top-rated hotel in the vicinity.,0.7,0.9249118566513062,-0.0,1
102,"[0.181158519658326, 0.48, 0.01, 0.13, 0.22, 0.69]","Find a bakery, now!",0.2,1.0,-0.0,1
103,"[0.04261465573233201, 0.91, 0.75, 0.69, 0.69, 0.59]","Could you guide me to a supermarket nearby, accepting cash payments?",1.0,0.8911634385585785,-0.0,0
104,"[0.2937055477465227, 0.57, 0.02, 0.17, 0.4, 0.89]","Find a Vietnamese cafe with 3.5 stars, medium prices, and mobile payment, where parking is available.",1.0,0.832989513874054,-0.0,0
105,"[0.18111900167018996, 0.06, 0.06, 0.86, 0.03, 0.92]",Kindly guide me to a high-priced bakery in the vicinity.,1.0,0.8752301037311554,-0.0,0
106,"[0.7521163210489047, 0.9, 0.81, 0.74, 0.69, 0.41]","Could you guide me to a budget-friendly hotel with cash payment and available parking, rated around 4.5?",0.4,0.9249118566513062,-0.0,1
107,"[0.055915560489615324, 0.9, 0.06, 0.17, 0.4, 0.89]",Find me a medium-priced supermarket that accepts mobile payments.,1.0,0.8911634385585785,-0.0,0
108,"[0.19086478282255026, 0.6, 0.06, 0.79, 0.33, 0.15]","Could you kindly guide me to a nearby bakery, please?",1.0,0.8752301037311554,-0.0,0
109,"[0.7181646864655775, 0.46, 0.96, 0.59, 0.54, 0.05]","Where can I find a hotel with mobile payment, a 4.5-star rating, affordable prices, and available parking?",1.0,0.9249118566513062,-0.0,0
110,"[0.024186419779371943, 0.91, 0.74, 0.15, 0.44, 0.14]","Yo, locate a bar that accepts mobile payments, got it?",1.0,0.9390982389450073,-0.0,0
111,"[0.043598390934167223, 0.48, 0.61, 0.27, 0.36, 0.59]","Find a bakery, now!",0.2,1.0,-0.0,1
112,"[0.02786607131921358, 0.48, 0.94, 0.17, 0.4, 0.67]","Locate a bakery, now!",0.2,0.0,-0.0,1
113,"[0.0004907217399581221, 0.75, 0.81, 0.94, 0.8, 0.6]","Could you guide me to a supermarket with available parking, please?",1.0,0.8911634385585785,-0.0,0
114,"[0.19881141931379778, 0.9, 0.86, 0.94, 0.8, 0.61]",I'm looking for a fancy supermarket that accepts cash.,0.1,1.0,-0.0,1
115,"[0.1747888043842818, 0.04, 0.06, 0.18, 0.03, 0.89]",Locate a high-priced Vietnamese dining establishment in the vicinity.,0.2,1.0,-0.0,1
116,"[0.2063010175802293, 0.7908817614845303, 0.5970031183025193, 0.34396219587755694, 0.36718297412578815, 0.4664506575976489]","Take me to a Japanese restaurant, cash only, with a 3.5 rating.",1.0,0.9640928506851196,-0.088398881483982,0
117,"[0.23089054673280615, 0.5412160532842928, 0.2627072531247441, 0.9623459281884083, 0.47267328484682636, 0.024897042069078112]",Please guide me to a medium-rated hotel with contactless payment.,1.0,0.9687078595161438,-0.0856054140415039,0
118,"[0.8706466591159284, 0.10992099402892244, 0.2704407356204018, 0.9202387250737163, 0.2220937233898412, 0.027721972730690214]",Please guide me to a moderately priced bar with a 5-star rating and available parking.,1.0,0.9390982389450073,-0.05526481405352501,0
119,"[0.0795394727024398, 0.71563738885077, 0.5978528556259927, 0.225973002201722, 0.2380031949593733, 0.32877461285586373]",Take me to a bakery with low prices.,1.0,0.8752301037311554,-0.08916875465862795,0
120,"[0.16718941430628576, 0.9956965161086795, 0.31668667894604896, 0.4493212565400835, 0.4029803182187527, 0.7663366888502681]",Take me to a low-priced supermarket that accepts mobile payment.,1.0,0.8911634385585785,-0.09504047472515031,0
121,"[0.05326188631524201, 0.5711073547717577, 0.4245904824391186, 0.6270584934142784, 0.7975407440567407, 0.3239930532639856]",Could you guide me to a supermarket with mobile payment and available parking?,1.0,0.8911634385585785,-0.0713533576740425,0
122,"[0.5505562541396184, 0.20509250531258338, 0.05928550568817932, 0.37113807939368504, 0.6737470201707241, 0.05760182222851301]",Where can I find a high-rated hotel with contactless payment?,1.0,0.9687078595161438,-0.0997338153477838,0
123,"[0.14188932791519787, 0.5684486736954419, 0.28436158880362244, 0.3092039817351351, 0.48708671891372396, 0.8654519206223581]","Take me to a hotel with medium prices and available parking, cash only.",0.4,0.9249118566513062,-0.07857410878834636,1
124,"[0.4759496160292498, 0.9617276717963785, 0.1605527056575859, 0.7520215077282515, 0.5458794459049348, 0.6192587339300817]",Where can I find a museum with a 4-star rating?,1.0,0.9626623690128326,-0.10599390484998905,0
125,"[0.0028850758135201965, 0.9008597649556891, 0.8244282253871505, 0.413895240937873, 0.387922079410586, 0.4862730441450024]","Take me to a low-priced supermarket with available parking, cash only.",1.0,0.8911634385585785,-0.0768374791882993,0
126,"[0.12006957693039327, 0.48, 0.94, 0.13, 0.23, 0.67]","Find a bakery, now!",0.2,1.0,-0.0,1
127,"[0.12864484649865127, 0.35, 0.06, 0.18, 0.21, 0.89]",Locate a cafe nearby.,1.0,0.832989513874054,-0.0,0
128,"[0.18543756271012918, 0.92, 0.49, 0.16, 0.02, 0.27]","Take me to a museum, now!",0.2,0.0,-0.0,1
129,"[0.13088377821909503, 0.91, 0.81, 0.94, 0.2, 0.75]",Could you kindly direct me to a high-end supermarket that accepts credit card payments?,0.2,1.0,-0.0,1
130,"[0.09067614444346284, 0.46, 0.94, 0.17, 0.38, 0.67]","Locate a bakery, pronto!",1.0,0.8752301037311554,-0.0,0
131,"[0.3832119444542419, 0.57, 0.74, 0.12, 0.44, 0.18]","Locate a Mexican cafe, 3.5 stars, contactless payment, now.",0.2,0.0,-0.0,1
132,"[0.13396344161917176, 0.48, 0.0, 0.85, 0.03, 0.92]",Please guide me to a high-end Turkish restaurant in the vicinity.,0.2,1.0,-0.0,1
133,"[0.8416067522563043, 0.48, 0.61, 0.25, 0.79, 0.59]","Locate a nearby hotel with a perfect 5.0 rating, cash payment, and low price range.",1.0,0.9687078595161438,-0.0,0
134,"[0.0948112009510696, 0.59, 0.06, 0.15, 0.4, 0.89]",Locate a low-priced hotel in the vicinity.,1.0,0.9687078595161438,-0.0,0
135,"[0.16477040274760696, 0.89, 0.49, 0.94, 0.8, 0.61]","Could you kindly guide me to an affordable bakery, please?",1.0,0.8752301037311554,-0.0,0
136,"[0.13086049059473534, 0.48, 0.93, 0.13, 0.23, 0.67]",Find a supermarket nearby.,1.0,0.8911634385585785,-0.0,0
137,"[0.008734799690784306, 0.64, 0.06, 0.59, 0.21, 0.89]",Direct me to a restaurant with available parking and cash payment.,1.0,0.9640928506851196,-0.0,0
138,"[0.041611315787931424, 0.06, 0.06, 0.86, 0.03, 0.92]","Please direct me to a high-end Turkish restaurant with available parking, accepting cash payments.",0.2,1.0,-0.0,1
139,"[0.16782529997126108, 0.95, 0.21, 0.21, 0.8, 0.61]",Find me a high-priced supermarket that accepts cash.,0.1,1.0,-0.0,1
140,"[0.8558015654159639, 0.89, 0.74, 0.15, 0.4, 0.14]","Yo, locate a Mexican cafe with medium prices, a 5-star rating, and contactless payment.",0.2,1.0,-0.0,1
141,"[0.1990154449467886, 0.9, 0.86, 0.94, 0.8, 0.61]",Could you guide me to a high-end supermarket nearby?,0.2,1.0,-0.0,1
142,"[0.10179910637618227, 0.48, 0.96, 0.17, 0.4, 0.91]",Find a fancy Turkish restaurant with available parking.,0.2,1.0,-0.0,1
143,"[0.07619973182370857, 0.47, 0.61, 0.27, 0.36, 0.6]",Show me a high-priced supermarket that only accepts cash.,0.2,1.0,-0.0,1
144,"[0.6011220031854272, 0.89, 0.06, 0.73, 0.69, 0.4]","Could you guide me to a hotel with available parking, rated around 4.5?",0.4,0.9249118566513062,-0.0,1
145,"[0.1071968226660815, 0.9, 0.48, 0.95, 0.02, 0.61]",Could you kindly guide me to a high-priced bakery in the vicinity?,1.0,0.8752301037311554,-0.0,0
146,"[0.00421775442438968, 0.7475614864072553, 0.8079544749618028, 0.8216640160001789, 0.716350291826306, 0.11342998539094795]",Where can I find a medium-priced bakery around here?,1.0,0.8752301037311554,-0.09758211524682237,0
147,"[0.15622558446029042, 0.394935690624269, 0.16288741826859968, 0.3207436036699334, 0.893854115051479, 0.03771122994314785]",Take me to a high-priced bar that accepts cash payments.,1.0,0.9390982389450073,-0.07522683562971844,0
148,"[0.5395889263766775, 0.1646144092264134, 0.641602151144141, 0.7523675324000466, 0.9629418936627404, 0.4327411949713117]",Could you kindly guide me to a highly-rated museum nearby?,1.0,0.9626623690128326,-0.08044109449769565,0
149,"[0.43309372942122104, 0.96, 0.83, 0.95, 0.57, 0.62]","Could you guide me to a museum with a 4-star rating, please?",1.0,0.9626623690128326,-0.0,0
150,"[0.029226060653971736, 0.81, 0.01, 0.33, 0.33, 0.13]","Yo, find me a bakery joint around here, would ya?",1.0,0.8752301037311554,-0.0,0
151,"[0.025198854018807504, 0.72, 0.61, 0.45, 0.24, 0.33]","Hey, could you guide me to a budget-friendly bakery around here?",1.0,0.8752301037311554,-0.0,0
152,"[0.4957288161540332, 0.2, 0.06, 0.34, 0.67, 0.06]","Could you locate a high-rated hotel that accepts contactless payment, please?",1.0,0.9687078595161438,-0.0,0
153,"[0.18854436119447612, 0.59, 0.06, 0.93, 0.4, 0.89]",Please guide me to a high-end bakery in the vicinity.,1.0,0.8752301037311554,-0.0,0
154,"[0.7130800588655903, 0.35, 0.35, 0.31, 0.2, 0.75]","Find a Chinese cafe with medium prices, cash payment, and a 4.5 rating.",0.2,1.0,-0.0,1
155,"[0.19315184979215977, 0.72, 0.02, 0.17, 0.24, 0.33]","Yo, locate a medium-priced Indian cafe, pronto!",1.0,0.832989513874054,-0.0,0
156,"[0.2706140852116858, 0.9, 0.81, 0.74, 0.69, 0.41]","Could you guide me to a hotel with contactless payment, a 3.5-star rating, and available parking?",0.7,0.9249118566513062,-0.0,1
157,"[0.04104493024860248, 0.63, 0.06, 0.17, 0.4, 0.93]",Locate a supermarket nearby that accepts contactless payment.,1.0,0.8911634385585785,-0.0,0
158,"[0.1753647010076084, 0.96, 0.17, 0.75, 0.76, 0.61]",Could you guide me to a high-priced supermarket that accepts cash?,0.2,1.0,-0.0,1
159,"[0.5045106052248411, 0.9, 0.83, 0.76, 0.55, 0.62]","Could you guide me to a museum with a solid 4-star rating, please?",1.0,0.9626623690128326,-0.0,0
160,"[0.1465881924067914, 0.82, 0.01, 0.79, 0.32, 0.14]",Could you kindly guide me to a high-priced bakery in the vicinity?,1.0,0.8752301037311554,-0.0,0
161,"[0.03235520214456447, 0.72, 0.32, 0.44, 0.24, 0.76]",Find me a budget-friendly grocery store in the vicinity.,1.0,0.8911634385585785,-0.0,0
162,"[0.43027554324968575, 0.21, 0.07, 0.37, 0.67, 0.47]","Could you guide me to a Japanese restaurant that accepts cash, has a 4-star rating, and serves Japanese cuisine?",1.0,0.9640928506851196,-0.0,0
163,"[0.15341270139670493, 0.91, 0.05, 0.22, 0.78, 0.66]","Point me to a cool grocery store that accepts cash, please.",1.0,0.8911634385585785,-0.0,0
164,"[0.7200458779506447, 0.42, 0.28, 0.27, 0.56, 0.75]",Where can I find a high-rated hotel with cash payment and available parking?,1.0,0.9687078595161438,-0.0,0
165,"[0.14295710516933346, 0.71, 0.6, 0.17, 0.24, 0.34]","Yo, find me a budget-friendly bakery, pronto!",1.0,0.8752301037311554,-0.0,0
166,"[0.34600533217761487, 0.9, 0.81, 0.74, 0.44, 0.18]","Could you guide me to an American cafe with a 3.5-star rating, where I can pay in cash and parking is available?",1.0,0.832989513874054,-0.0,0
167,"[0.0945918552032907, 0.59, 0.06, 0.17, 0.4, 0.89]",Find a moderately priced supermarket that accepts mobile payments nearby.,1.0,0.8911634385585785,-0.0,0
168,"[0.12213210530499348, 0.95, 0.82, 0.94, 0.55, 0.62]",Could you kindly guide me to a high-end grocery store that accepts cash?,0.2,1.0,-0.0,1
169,"[0.12078835055876308, 0.09101323121972049, 0.1522592619579144, 0.8776074297902299, 0.5209738338010563, 0.22985515003049023]",Could you guide me to a medium-priced supermarket with available parking?,1.0,0.8911634385585785,-0.06057531137610106,0
170,"[0.335368863237571, 0.91, 0.28, 0.94, 0.79, 0.6]","Could you kindly locate a hotel with a 3.5-star rating, medium price range, cash payment, and available parking?",1.0,0.9687078595161438,-0.0,0
171,"[0.02939326828454361, 0.9, 0.81, 0.83, 0.88, 0.61]",Could you kindly direct me to a nearby museum with available parking?,1.0,0.9626623690128326,-0.0,0
172,"[0.1667053109770501, 1.0, 0.79, 0.45, 0.4, 0.15]","Hey, could you guide me to a budget-friendly bakery around here?",1.0,0.8752301037311554,-0.0,0
173,"[0.020529625476748498, 0.95, 0.21, 0.21, 0.79, 0.61]","Find me a Vietnamese cafe that accepts cash, with medium pricing.",1.0,0.832989513874054,-0.0,0
174,"[0.9789115668036006, 0.9, 0.81, 0.75, 0.62, 0.41]","Could you direct me to a low-priced hotel with cash payment and available parking, boasting a 5-star rating?",1.0,0.9687078595161438,-0.0,0
175,"[0.006550099745010418, 0.9, 0.76, 0.94, 0.78, 0.61]",Could you kindly direct me to a high-end bakery in the vicinity?,1.0,0.8752301037311554,-0.0,0
176,"[0.07215598679944049, 0.91, 0.2, 0.27, 0.2, 0.6]","Yo, locate a Chinese cafe with available parking, credit card accepted.",1.0,0.832989513874054,-0.0,0
177,"[0.05444814708640458, 0.95, 0.21, 0.21, 0.02, 0.63]","Yo, find me a museum that doesn't mind cash payments.",1.0,0.9626623690128326,-0.0,0
178,"[0.0347246422577948, 0.56, 0.28, 0.31, 0.19, 0.75]","Find a Chinese cafe that accepts cash, medium-priced.",1.0,0.832989513874054,-0.0,0
179,"[0.41464425305834945, 0.96, 0.16, 0.77, 0.55, 0.62]",Could you guide me to a cafe that accepts mobile payment and has a 4-star rating?,1.0,0.9026724696159363,-0.0,0
180,"[0.0602922435355036, 0.91, 0.28, 0.31, 0.8, 0.87]",Find me a fancy hotel where I can pay in cash and they have parking available.,1.0,0.9687078595161438,-0.0,0
181,"[0.11149874971295966, 0.96, 0.19, 0.94, 0.8, 0.61]",Could you kindly direct me to a high-end grocery store accepting cash?,0.2,1.0,-0.0,1
182,"[0.03242597700811281, 0.96, 0.32, 0.45, 0.4, 0.77]",Find me a budget-friendly grocery store in the vicinity.,1.0,0.8911634385585785,-0.0,0
183,"[0.1509332796469277, 0.95, 0.19, 0.21, 0.8, 0.61]",Find me a fancy grocery store that accepts mobile payments.,0.2,1.0,-0.0,1
184,"[0.08587722733258485, 0.59, 0.06, 0.17, 0.4, 0.89]","Find a bakery, immediately!",0.2,0.0,-0.0,1
185,"[0.16147768641674254, 0.9, 0.07, 0.94, 0.79, 0.61]","Could you kindly guide me to the nearest supermarket, please?",1.0,0.8911634385585785,-0.0,0
186,"[0.11282410232667975, 0.85, 0.79, 0.95, 0.21, 0.61]","Could you guide me to a high-end supermarket with cash payment and available parking, please?",0.2,1.0,-0.0,1
187,"[0.1898227799900033, 0.98, 0.21, 0.21, 0.8, 0.65]","Hey, could you guide me to a museum nearby?",1.0,0.9626623690128326,-0.0,0
188,"[0.09657753395058671, 0.56, 0.28, 0.35, 0.39, 0.78]",Locate a bar that accepts cash with medium pricing.,1.0,0.9390982389450073,-0.0,0
189,"[0.46747535984967326, 0.96, 0.16, 0.17, 0.55, 0.62]",Where can I find a museum with a solid 4-star rating?,1.0,0.9626623690128326,-0.0,0
190,"[0.9875714843717669, 0.4313302051715755, 0.8679042300833784, 0.4750689002142339, 0.7802653501902744, 0.7087852748260088]",Take me to a highly rated Indian restaurant with available parking.,1.0,0.9640928506851196,-0.048793939187663726,0
191,"[0.41378223666457165, 0.673776047197735, 0.5744271133300785, 0.6954018323342831, 0.5239658638362162, 0.8202332117146842]",Where can I find a high-rated Vietnamese restaurant with contactless payment?,1.0,0.9640928506851196,-0.08888791588990697,0
192,"[0.4571595270753774, 0.22484470055274536, 0.5294272461333376, 0.46444152445658027, 0.6939030457611559, 0.3856499539545443]","Could you guide me to a Turkish restaurant that accepts cash, has a 4.0 rating, and offers available parking?",1.0,0.9640928506851196,-0.03415617411824046,0
193,"[0.946511032004308, 0.19287494987849954, 0.9958897200406939, 0.18457453275070668, 0.8560788423612441, 0.27999481246232066]",Please guide me to a highly-rated American cafe that accepts mobile payments.,1.0,0.9026724696159363,-0.07862672582116936,0
194,"[0.11732877733864433, 0.7153577723088422, 0.5411464910235018, 0.6783006126012332, 0.7478173812059283, 0.9844407698585778]",Where can I find high-priced hotels around here?,1.0,0.9687078595161438,-0.08201238718618942,0
195,"[0.09111540452553966, 0.030690740984242543, 0.9108695220279617, 0.10774935557490449, 0.5187375452365838, 0.02061238960357864]",Where can I find a high-priced supermarket with available parking?,0.2,1.0,-0.05798470681651213,1
196,"[0.9054033390957481, 0.3988315297415584, 0.03667456307789929, 0.1793615987308348, 0.35160805902811676, 0.9198155508598469]","Take me to a medium-priced bar with a 5-star rating, mobile payment, and available parking.",1.0,0.9390982389450073,-0.06905372868667681,0
197,"[0.17689860041352448, 0.9, 0.81, 0.94, 0.8, 0.61]",Could you kindly direct me to a high-end supermarket that accepts cash?,0.2,1.0,-0.0,1
198,"[0.6036158162408776, 0.9, 0.81, 0.74, 0.69, 0.41]","Could you guide me to a wallet-friendly hotel with available parking, around a 4.5 rating?",1.0,0.9687078595161438,-0.0,0
199,"[0.05771875449498414, 0.07, 0.32, 0.9, 0.52, 0.24]","Could you kindly guide me to a low-priced supermarket that accepts mobile payments, with available parking?",1.0,0.8911634385585785,-0.0,0
200,"[0.7415415461367965, 0.59, 0.2, 0.17, 0.4, 0.89]",Locate a high-end pub with a 4.5 rating and available parking.,0.2,0.0,-0.0,1
201,"[0.1901203523504352, 0.73, 0.94, 0.82, 0.22, 0.11]",Could you guide me to a moderately priced bakery around here?,1.0,0.8752301037311554,-0.0,0
202,"[0.8396255683974464, 0.48, 0.94, 0.13, 0.19, 0.67]","Find a 5-star hotel with available parking, credit card payment.",0.4,0.9249118566513062,-0.0,1
203,"[0.09335209979860606, 0.57, 0.02, 0.17, 0.4, 0.88]",Find a bakery with medium prices.,1.0,0.8752301037311554,-0.0,0
204,"[0.159774883376613, 0.75, 0.81, 0.82, 0.72, 0.11]",Where can I grab some baked goods at a moderate price nearby?,1.0,0.8752301037311554,-0.0,0
205,"[0.19109980475829383, 1.0, 0.3, 0.45, 0.4, 0.77]",Find me a moderately priced supermarket in the vicinity.,1.0,0.8911634385585785,-0.0,0
206,"[0.1273689354966884, 0.1, 0.2, 0.26, 0.2, 0.67]",Locate a supermarket with medium prices and available parking.,1.0,0.8911634385585785,-0.0,0
207,"[0.11032706360572382, 0.9, 0.82, 0.94, 0.8, 0.61]",Could you kindly guide me to a moderately priced Chinese cafe that accepts cash?,1.0,0.832989513874054,-0.0,0
208,"[0.7131697236589304, 0.92, 0.48, 0.16, 0.04, 0.27]","Yo, locate a hotel with a 4.5-star rating and available parking, please.",0.4,0.9249118566513062,-0.0,1
209,"[0.17023715189177963, 0.08, 0.15, 0.88, 0.53, 0.77]",Could you kindly guide me to a supermarket with medium prices and available parking?,1.0,0.8911634385585785,-0.0,0
210,"[0.041448974691373944, 0.59, 0.06, 0.17, 0.4, 0.89]",Locate a high-priced bakery in the vicinity.,1.0,0.8752301037311554,-0.0,0
211,"[0.1887800354492897, 0.8, 0.81, 0.79, 0.72, 0.11]","Could you guide me to a medium-priced bar, please?",1.0,0.9390982389450073,-0.0,0
212,"[0.8982807805934401, 0.48, 0.94, 0.13, 0.23, 0.67]","Locate a 5-star hotel, contactless payment only.",1.0,0.9249118566513062,-0.0,0
213,"[0.21675285820652007, 0.66, 0.77, 0.12, 0.44, 0.18]","Locate a Mexican cafe, 3.5 stars, contactless payment, pronto.",0.7,0.832989513874054,-0.0,1
214,"[0.5280600653219538, 0.96, 0.16, 0.75, 0.55, 0.62]","Where can I locate a museum with a 4-star rating, please?",1.0,0.9626623690128326,-0.0,0
215,"[0.05459748799061148, 0.59, 0.03, 0.16, 0.4, 0.9]","Locate a bakery, right now!",0.2,0.0,-0.0,1
216,"[0.6039169156008011, 0.35, 0.19, 0.28, 0.2, 0.74]",Take me to a fancy cafe with high ratings and available parking.,1.0,0.9026724696159363,-0.0,0
217,"[0.12052646062659761, 0.03746610391070007, 0.4221326041701625, 0.9518061627474497, 0.6005077976062364, 0.7791469572405763]",Could you guide me to a Thai restaurant with available parking?,1.0,0.9640928506851196,-0.05675850401075766,0
218,"[0.3519951577605725, 0.5285850144367653, 0.7932062483961062, 0.5766730172083602, 0.07613897328747138, 0.7375757303863877]",Find a high-rated hotel that accepts mobile payment.,0.7,0.9249118566513062,-0.09819295655716942,1
219,"[0.11082691404917411, 0.06046347734742996, 0.8107762905636423, 0.9111944372474364, 0.854754624134751, 0.7656231750030146]","I would appreciate directions to a moderately priced Thai cafe, cash only.",1.0,0.832989513874054,-0.08642549226440543,0
220,"[0.36174128324584787, 0.773975098686529, 0.39274377749487477, 0.6509417132736585, 0.3594890063444973, 0.15451346893649687]",Find a high-priced Chinese cafe that accepts contactless payment.,0.2,1.0,-0.0911014908393486,1
221,"[0.1388350353980826, 0.2910001817965543, 0.6356650135106585, 0.07374641336245175, 0.8931545889742585, 0.7542925662256028]",I need to find a bakery with medium prices.,1.0,0.8752301037311554,-0.0949487343605816,0
222,"[0.13577731078299804, 0.7260514100381517, 0.20082172865303588, 0.9358410117091922, 0.0012670333424360525, 0.8121372521077124]",Could you guide me to a bakery with medium prices?,1.0,0.8752301037311554,-0.0893558571902009,0
223,"[0.13622682224870145, 0.6223090819617897, 0.12789717365827558, 0.5861109824163052, 0.003381518228505326, 0.36409584604369755]","Locate a bakery nearby, please.",1.0,0.8752301037311554,-0.09452605787484614,0
224,"[0.1081354905950146, 0.59, 0.05, 0.9, 0.42, 0.89]",Could you kindly guide me to a bakery in the vicinity?,1.0,0.8752301037311554,-0.0,0
225,"[0.012946213432209003, 0.57, 0.28, 0.26, 0.49, 0.87]","Take me to a hotel with medium prices, available parking, and cash payment.",0.3,0.9249118566513062,-0.0,1
226,"[0.05652643148610173, 0.48, 0.94, 0.11, 0.22, 0.0]",Take me to a fancy supermarket that accepts credit card payments and has parking available.,0.2,1.0,-0.0,1
227,"[0.7266840731950694, 0.92, 0.49, 0.2, 0.04, 0.61]","Find me a hotel, rated 4.5 stars, with available parking.",1.0,0.9249118566513062,-0.0,0
228,"[0.4553062010484611, 0.98, 0.16, 0.75, 0.55, 0.62]","Could you guide me to a museum with a 4-star rating, please?",1.0,0.9626623690128326,-0.0,0
229,"[0.03514910411327547, 0.76, 0.77, 0.82, 0.72, 0.11]","Could you guide me to a high-priced bakery, please?",1.0,0.8752301037311554,-0.0,0
230,"[0.24419306118612455, 0.66, 0.77, 0.12, 0.44, 0.18]","Locate a Vietnamese spot, 3.5 stars, contactless payment, please.",1.0,0.9640928506851196,-0.0,0
231,"[0.1626144836666143, 0.59, 0.06, 0.2, 0.4, 0.9]",Locate a high-priced supermarket in the vicinity.,0.1,1.0,-0.0,1
232,"[0.5287622981883489, 0.48, 0.16, 0.14, 0.55, 0.67]","Find a hotel with a 4-star rating, accepting credit cards, and parking available.",1.0,0.9249118566513062,-0.0,0
233,"[0.930259399811761, 0.19, 0.33, 0.3, 0.48, 0.86]","Locate a cafe with a 5-star rating, cash payment, and available parking.",1.0,0.7747042179107666,-0.0,0
234,"[0.0353816861218212, 0.59, 0.05, 0.05, 0.8, 0.61]","Locate a bakery that accepts cash, now!",0.2,0.0,-0.0,1
235,"[0.37941896249310136, 0.66, 0.77, 0.12, 0.44, 0.18]","Locate a Mexican restaurant, 3.5 stars, contactless payment, ASAP.",0.2,0.0,-0.0,1
236,"[0.07730752032506023, 0.48, 0.94, 0.13, 0.23, 0.66]",Find a high-end supermarket that accepts credit card payment and has available parking.,0.2,1.0,-0.0,1
237,"[0.15390802661247305, 0.9, 0.79, 0.94, 0.8, 0.6]",Could you kindly guide me to a high-priced supermarket in the vicinity?,0.2,1.0,-0.0,1
238,"[0.5708916523085893, 0.96, 0.16, 0.75, 0.48, 0.62]","Could you guide me to a cafe with a 4-star rating, please?",1.0,0.832989513874054,-0.0,0
239,"[0.015788633356627016, 0.75, 0.81, 0.82, 0.72, 0.19]","Could you guide me to a bakery with medium prices, please?",1.0,0.8752301037311554,-0.0,0
240,"[0.44464828372416193, 0.67, 0.77, 0.15, 0.44, 0.86]",Find a 4-star Mexican cafe that accepts contactless payments.,1.0,0.832989513874054,-0.0,0
241,"[0.05658398495120312, 0.59, 0.11, 0.95, 0.4, 0.91]",Could you kindly guide me to a premium bakery nearby?,1.0,0.8752301037311554,-0.0,0
242,"[0.9242705179564361, 0.96, 0.14, 0.76, 0.55, 0.62]",Could you guide me to a top-rated hotel that accepts credit card payments?,0.7,0.9249118566513062,-0.0,1
243,"[0.9420473614459752, 0.55, 0.95, 0.31, 0.86, 0.84]",Find a top-rated American cafe that accepts mobile payments.,1.0,0.9026724696159363,-0.0,0
244,"[0.613753224092831, 0.3317393626027939, 0.6359974932897383, 0.49539317963974466, 0.871654635272975, 0.13345830696309996]","I'd like to find a hotel with a 4.5-star rating and low prices, accepting mobile payment.",1.0,0.9249118566513062,-0.0966974833511105,0
245,"[0.1567374960059564, 0.0008491812387254605, 0.29145531478855274, 0.4705952651577455, 0.4162062153910028, 0.5535020274409115]",Please guide me to a medium-priced supermarket accepting mobile payment.,1.0,0.8911634385585785,-0.08596720026881943,0
246,"[0.19591964459665656, 0.9, 0.74, 0.97, 0.44, 0.18]","Could you kindly guide me to a high-end supermarket that accepts cash, please?",0.2,1.0,-0.0,1
247,"[0.5144608671918155, 0.59, 0.06, 0.75, 0.4, 0.62]",Locate a museum with a 4-star rating nearby.,1.0,0.9626623690128326,-0.0,0
248,"[0.0027152268792379475, 0.78, 0.4, 0.16, 0.4, 0.93]","Find me a high-end bakery, like, right now!",0.2,0.0,-0.0,1
249,"[0.1502272562987935, 0.9, 0.82, 0.95, 0.81, 0.61]",Could you kindly guide me to a moderately priced supermarket around here?,1.0,0.8911634385585785,-0.0,0
250,"[0.08524830997836666, 0.06, 0.81, 0.91, 0.85, 0.77]",Could you kindly direct me to a Thai eatery that accepts contactless payments?,1.0,0.9640928506851196,-0.0,0
251,"[0.00517647164047394, 0.9, 0.28, 0.29, 0.8, 0.86]","Hey, show me a high-end hotel that accepts cash payments.",1.0,0.9687078595161438,-0.0,0
252,"[0.18316701807877728, 0.06, 0.81, 0.91, 0.86, 0.81]",I kindly request guidance to a Thai cafe accepting cash with moderate pricing.,1.0,0.832989513874054,-0.0,0
253,"[0.5328522615126428, 0.96, 0.16, 0.75, 0.55, 0.62]","Could you guide me to a hotel with a 4-star rating, please?",1.0,0.9687078595161438,-0.0,0
254,"[0.7541131793820898, 0.59, 0.2, 0.17, 0.4, 0.89]",Find a hotel with a 4.5 rating and available parking.,1.0,0.9249118566513062,-0.0,0
255,"[0.11581959610986102, 0.29, 0.64, 0.08, 0.41, 0.75]","Locate a bakery in the vicinity, now!",0.2,0.0,-0.0,1
256,"[0.2664249461410555, 0.57, 0.81, 0.11, 0.8, 0.19]","Point me to a high-priced cafe with contactless payment and available parking, please.",1.0,0.9026724696159363,-0.0,0
257,"[0.12586068638997638, 0.59, 0.06, 0.17, 0.4, 0.89]","Find me the closest museum, now!",0.2,0.0,-0.0,1
258,"[0.15842105636376294, 0.59, 0.03, 0.66, 0.4, 0.16]",Could you kindly guide me to a nearby cafe that accepts credit card payments?,1.0,0.7747042179107666,-0.0,0
259,"[0.1638538231796085, 0.29, 0.64, 0.94, 0.91, 0.63]","Could you kindly direct me to a supermarket with medium prices, accepting cash payments?",1.0,0.8911634385585785,-0.0,0
260,"[0.14487130892985134, 0.02, 0.81, 0.91, 0.86, 0.17]","Could you kindly guide me to a Thai cafe that accepts cash, with medium pricing?",1.0,0.832989513874054,-0.0,0
261,"[0.07830431266555296, 0.92, 0.81, 0.92, 0.8, 0.61]",Could you kindly guide me to a high-end hotel with cash payment and available parking?,1.0,0.9687078595161438,-0.0,0
262,"[0.38935277753306274, 0.57, 0.74, 0.12, 0.43, 0.18]","Locate a Mexican cafe, 3.5 stars, cash payment, with available parking, now.",0.2,0.0,-0.0,1
263,"[0.5298564650227124, 0.95, 0.16, 0.57, 0.55, 0.62]",Can you guide me to a museum with a 4.0 rating and available parking?,1.0,0.9626623690128326,-0.0,0
264,"[0.6429185391657926, 0.48, 0.2, 0.17, 0.35, 0.89]",Take me to a high-end bar with a 4.5 rating and available parking.,1.0,0.9390982389450073,-0.0,0
265,"[0.008275043407852262, 0.59, 0.64, 0.17, 0.41, 0.75]",Locate a moderately priced bakery around here.,1.0,0.8752301037311554,-0.0,0
266,"[0.14533988235769535, 0.26315399633899617, 0.6572176351101419, 0.8131224773274025, 0.7100542179928632, 0.37569883960634387]",Could you kindly guide me to a Japanese restaurant nearby?,1.0,0.9640928506851196,-0.07849566749299586,0
267,"[0.0450621979080907, 0.3179575302151295, 0.591112585346887, 0.07089979701244123, 0.3001693360049391, 0.014329058093744351]",Find a Turkish cafe accepting cash payments with medium prices.,1.0,0.832989513874054,-0.06368083421727455,0
268,"[0.041863143120452896, 0.75, 0.81, 0.82, 0.72, 0.11]","Could you guide me to a hotel that accepts credit card payments in a medium price range, please?",1.0,0.9687078595161438,-0.0,0
269,"[0.05244446461888728, 0.9, 0.76, 0.94, 0.8, 0.87]",Could you kindly guide me to a nearby supermarket that accepts cash?,1.0,0.8911634385585785,-0.0,0
270,"[0.06082779170730499, 0.51, 0.73, 0.17, 0.4, 0.89]","Locate a bakery, won't you?",1.0,0.8752301037311554,-0.0,0
271,"[0.1436300434293814, 0.03, 0.81, 0.91, 0.91, 0.77]",Could you kindly direct me to a nearby museum with available parking?,1.0,0.9626623690128326,-0.0,0
272,"[0.06935995439427552, 0.59, 0.06, 0.17, 0.4, 0.89]",Find a high-end hotel nearby.,1.0,0.9687078595161438,-0.0,0
273,"[0.8131195988792509, 0.57, 0.26, 0.13, 0.23, 0.67]","Find a 5-star hotel with available parking, credit card payment.",0.4,0.9249118566513062,-0.0,1
274,"[0.3895568610459364, 0.66, 0.77, 0.12, 0.44, 0.18]","Locate a Mexican eatery, 3.5 stars, contactless payment, pronto.",1.0,0.9640928506851196,-0.0,0
275,"[0.6951071782859075, 0.06, 0.81, 0.91, 0.54, 0.74]",Could you kindly guide me to a museum with a 4.5 rating?,1.0,0.9626623690128326,-0.0,0
276,"[0.38630469378449156, 0.57, 0.4, 0.65, 0.36, 0.15]",Could you guide me to a high-end Chinese cafe that accepts contactless payment and has a 3.5 rating?,0.2,1.0,-0.0,1
277,"[0.15408316957980456, 0.59, 0.03, 0.79, 0.4, 0.1]",Could you kindly guide me to a moderately priced bakery in the vicinity?,1.0,0.8752301037311554,-0.0,0
278,"[0.11333977689913984, 0.48, 0.94, 0.83, 0.69, 0.12]",Could you kindly assist me in locating a nearby hotel?,1.0,0.9687078595161438,-0.0,0
279,"[0.03562270500001451, 0.91, 0.06, 0.18, 0.39, 0.62]",Take me to a fancy supermarket that accepts cash payments.,0.2,1.0,-0.0,1
280,"[0.11380370798626203, 0.62, 0.75, 0.17, 0.4, 0.2]","Find a bakery, 3.5 stars, contactless payment, please.",1.0,0.8752301037311554,-0.0,0
281,"[0.1342724384729277, 0.06, 0.81, 0.91, 0.85, 0.77]","Could you kindly direct me to a nearby museum, please?",1.0,0.9626623690128326,-0.0,0
282,"[0.3426848548373034, 0.77, 0.39, 0.66, 0.36, 0.15]","Find a slightly implicit, high-priced Chinese cafe with a 3.5 rating.",0.2,1.0,-0.0,1
283,"[0.8694641511353943, 0.57, 0.95, 0.13, 0.23, 0.67]","Find a hotel with a 5-star rating, accepting cash payments, in a medium price range, with available parking.",1.0,0.9249118566513062,-0.0,0
284,"[0.06679468752993362, 0.59, 0.06, 0.17, 0.4, 0.89]","Find a bakery, right now!",0.2,0.0,-0.0,1
285,"[0.06437766682224766, 0.05, 0.81, 0.91, 0.55, 0.62]",Could you kindly guide me to a museum in the vicinity?,1.0,0.9626623690128326,-0.0,0
286,"[0.2942537648165066, 0.77, 0.39, 0.65, 0.36, 0.15]",Could you guide me to a Mexican cafe with a 3.5-star rating that accepts contactless payments?,1.0,0.832989513874054,-0.0,0
287,"[0.12565215162394533, 0.59, 0.05, 0.17, 0.45, 0.11]","Take me to a moderately priced bakery, now.",0.2,0.0,-0.0,1
288,"[0.5844233930051609, 0.9817600609438153, 0.3438730251360934, 0.954410462833576, 0.2688486343912264, 0.44415418310994953]",Take me to a museum with a 4-star rating and available parking.,1.0,0.9626623690128326,-0.0718818489990587,0
289,"[0.44111948299974313, 0.17334599565412062, 0.7909540990193754, 0.1278706958146473, 0.5436746884363223, 0.2542747499096944]",Where can I find a medium-priced Thai restaurant with available parking?,1.0,0.9640928506851196,-0.06888484920501914,0
290,"[0.7555806337875379, 0.5019081081912605, 0.47807772868212967, 0.24640197037446063, 0.16625564416024646, 0.33321827865049275]","Take me to a Mexican cafe that accepts credit card, 4.5 stars.",1.0,0.832989513874054,-0.09161277474066798,0
291,"[0.06032399179066805, 0.53, 0.81, 0.58, 0.48, 0.74]",Locate a hotel with medium prices that accepts cash.,1.0,0.9687078595161438,-0.0,0
292,"[0.14519327076293023, 0.59, 0.06, 0.17, 0.4, 0.6]",Locate a budget-friendly cafe nearby.,1.0,0.819362461566925,-0.0,0
293,"[0.39912767067924493, 0.06, 0.74, 0.13, 0.85, 0.18]","Could you direct me to a Mexican cafe, around 3.5 stars, that accepts contactless payment, please?",1.0,0.832989513874054,-0.0,0
294,"[0.3288175106763014, 0.57, 0.74, 0.18, 0.43, 0.18]","Locate a Mexican cafe, 3.5 stars, cash payment, with parking available, pronto.",0.7,0.832989513874054,-0.0,1
295,"[0.09318417666123827, 0.59, 0.44, 0.18, 0.4, 0.15]","Find me a high-priced bakery, pronto!",1.0,0.8752301037311554,-0.0,0
296,"[0.1352232686648218, 0.59, 0.05, 0.35, 0.45, 0.12]","Locate a bakery with medium prices, like, right now.",0.2,0.0,-0.0,1
297,"[0.3673610561376276, 0.91, 0.73, 0.65, 0.36, 0.18]",Could you guide me to a high-end Chinese cafe with contactless payment and a 3.5 rating?,0.2,1.0,-0.0,1
298,"[0.16814862882657855, 0.59, 0.03, 0.16, 0.4, 0.9]",Find a medium-priced cafe that accepts contactless payment.,1.0,0.832989513874054,-0.0,0
299,"[0.08158465172983181, 0.59, 0.2, 0.17, 0.4, 0.9]","Locate a bakery nearby, please.",1.0,0.8752301037311554,-0.0,0
300,"[0.2950007037368272, 0.53, 0.79, 0.58, 0.08, 0.75]",Find a high-end hotel with a 3.5-star rating that offers mobile payment and has available parking.,1.0,0.9687078595161438,-0.0,0
301,"[0.28772954732039724, 0.53, 0.79, 0.58, 0.08, 0.74]",Locate a high-rated hotel accepting mobile payments in the high price range.,1.0,0.9687078595161438,-0.0,0
302,"[0.001171533062668484, 0.58, 0.05, 0.97, 0.8, 0.89]","Could you kindly direct me to the nearest museum, please?",1.0,0.9626623690128326,-0.0,0
303,"[0.32368576431264795, 0.57, 0.78, 0.1, 0.85, 0.18]","Find a Thai cafe with medium prices, cash payment only, 3.5 star rating.",1.0,0.832989513874054,-0.0,0
304,"[0.1271185835017443, 0.92, 0.49, 0.16, 0.01, 0.27]","Take me to a museum, ASAP!",0.2,0.0,-0.0,1
305,"[0.05289024091522228, 0.77, 0.22, 0.65, 0.4, 0.15]","Could you guide me to a bakery, please?",1.0,0.8752301037311554,-0.0,0
306,"[0.09046484770845127, 0.59, 0.05, 0.17, 0.45, 0.11]","Find me a bakery with medium prices, pronto!",1.0,0.8752301037311554,-0.0,0
307,"[0.2439634814903086, 0.56, 0.74, 0.65, 0.44, 0.15]",Could you kindly locate a Mexican cafe with contactless payment and a 3.5-star rating?,1.0,0.832989513874054,-0.0,0
308,"[0.10200759125136044, 0.59, 0.03, 0.16, 0.4, 0.9]","Find a bakery, now!",0.2,1.0,-0.0,1
309,"[0.18480255604660456, 0.59, 0.06, 0.17, 0.4, 0.89]",Find an upscale Chinese lounge with a 4.5 rating and parking.,0.2,0.0,-0.0,1
310,"[0.1911538550306891, 0.9, 0.81, 0.94, 0.8, 0.6]",Could you guide me to a high-end supermarket that accepts cash?,0.2,1.0,-0.0,1
311,"[0.8884952238143048, 0.9562611381647527, 0.11151228954796633, 0.9361306867842166, 0.36683379221630463, 0.2578234705135382]",Find a highly rated Italian cafe that accepts contactless payment.,1.0,0.9026724696159363,-0.09481351151851047,0
312,"[0.6802252918762737, 0.6025148681918256, 0.8701779941679335, 0.917494831609329, 0.6091880977427443, 0.3185863055210931]",Could you guide me to a highly-rated museum nearby?,1.0,0.7556162178516388,-0.08277785165499463,0
313,"[0.22555944906024847, 0.5894553733822204, 0.0561538213102194, 0.2180819074475136, 0.6706713898335449, 0.1964883697945058]","Where can I find a middle eastern restaurant with parking available, rated 3.5?",1.0,0.9640928506851196,-0.06982138926278247,0
314,"[0.6067855917375019, 0.7491535513599544, 0.6194815415896127, 0.3521371914053989, 0.1923156632614004, 0.9131568343004333]",Take me to a moderately priced hotel accepting mobile payments.,0.4,0.9249118566513062,-0.0901614144908165,1
315,"[0.7854428781489097, 0.07699096821518506, 0.0426987491454246, 0.6818193728474482, 0.7427316957037282, 0.46103320234422757]","Could you guide me to a highly rated French restaurant with available parking, accepting cash?",1.0,0.9640928506851196,-0.05800399091594988,0
316,"[0.01907641030229852, 0.781143287335805, 0.9028633380847068, 0.0932099291216517, 0.6187348890481035, 0.39019993748291737]",Where can I find a museum with available parking?,1.0,0.9626623690128326,-0.07760394595475684,0
317,"[0.1878169182346482, 0.59, 0.05, 0.15, 0.45, 0.11]","Take me to a moderately priced bakery, ASAP.",0.2,0.0,-0.0,1
318,"[0.1478326814439255, 0.77, 0.39, 0.61, 0.36, 0.64]",Could you kindly guide me to a bakery around here?,1.0,0.8752301037311554,-0.0,0
319,"[0.09429815202342365, 0.48, 0.94, 0.17, 0.4, 0.67]",Locate a budget-friendly bakery nearby.,1.0,0.8752301037311554,-0.0,0
320,"[0.1390544476885442, 0.29, 0.64, 0.08, 0.46, 0.75]","Locate a nearby bakery, please.",1.0,0.8752301037311554,-0.0,0
321,"[0.0403280784857099, 0.9, 0.81, 0.94, 0.72, 0.6]",Where's a high-end supermarket that takes cash?,0.2,1.0,-0.0,1
322,"[0.15923694791894336, 0.91, 0.8, 0.65, 0.83, 0.61]",Could you guide me to a fancy cafe that accepts contactless payments?,1.0,0.9026724696159363,-0.0,0
323,"[0.12610937924194188, 0.46, 0.97, 0.13, 0.42, 0.67]","Find a hotel that accepts digital payments, 3.5 stars.",0.7,0.9249118566513062,-0.0,1
324,"[0.7858080705124837, 0.59, 0.48, 0.25, 0.4, 0.88]",Locate a nearby cafe with a 4.5 rating for some delicious Mexican cuisine.,0.7,0.9026724696159363,-0.0,1
325,"[0.02250173094946173, 0.53, 0.04, 0.17, 0.4, 0.89]",Find a casual pub with available parking.,1.0,0.9390982389450073,-0.0,0
326,"[0.08632062694995571, 0.59, 0.06, 0.17, 0.42, 0.89]","Locate a bakery, right now!",0.2,1.0,-0.0,1
327,"[0.7328583058123308, 0.47, 0.48, 0.25, 0.17, 0.27]","Take me to a Mexican cafe that accepts credit card, with a 4.5-star rating, please.",1.0,0.832989513874054,-0.0,0
328,"[0.26908621781572273, 0.6, 0.05, 0.64, 0.8, 0.16]","Could you kindly guide me to a high-end Chinese cafe with contactless payment, a 3.5 rating, and available parking?",0.7,0.832989513874054,-0.0,1
329,"[0.0005623340317899295, 0.59, 0.06, 0.17, 0.4, 0.87]","Find a bakery, you know where to go.",1.0,0.8752301037311554,-0.0,0
330,"[0.050732726381448906, 0.28, 0.06, 0.15, 0.41, 0.75]",Locate a cafe that accepts mobile payment.,1.0,0.832989513874054,-0.0,0
331,"[0.36579431694405307, 0.57, 0.74, 0.12, 0.43, 0.18]","Locate a budget hotel with a 3.5-star rating, cash payment, and available parking.",1.0,0.9687078595161438,-0.0,0
332,"[0.1649783397432093, 0.9, 0.8, 0.93, 0.8, 0.56]",Could you guide me to a fancy Chinese cafe that only accepts cash?,0.2,1.0,-0.0,1
333,"[0.3647899762162842, 0.5, 0.94, 0.17, 0.4, 0.67]","Find a hotel with parking available, credit card payment, and a 3.5-star rating.",1.0,0.9249118566513062,-0.0,0
334,"[0.13939412039052487, 0.59, 0.06, 0.17, 0.16, 0.86]","Find a bakery, now!",0.2,1.0,-0.0,1
335,"[0.014337185771386651, 0.59, 0.03, 0.16, 0.4, 0.9]","Locate a bakery, right now!",0.2,1.0,-0.0,1
336,"[0.10157782659457455, 0.29, 0.05, 0.17, 0.41, 0.9]",Locate a bakery in the vicinity.,1.0,0.8752301037311554,-0.0,0
337,"[0.11551236405653242, 0.8111955365009637, 0.763670776323447, 0.765996264615361, 0.896442235925754, 0.3309117353051493]",Could you guide me to a high-priced bar that accepts credit cards?,1.0,0.9390982389450073,-0.07197595842705251,0
338,"[0.11541141780704399, 0.23488539097102373, 0.48827091686381735, 0.7279507923652047, 0.612804220838761, 0.967215127616895]",Where can I find a high-priced German cafe that accepts credit cards?,0.2,1.0,-0.08315488493232115,1
339,"[0.05707931640671045, 0.2945816036391765, 0.17259793837568094, 0.4675336226590663, 0.22193984382969004, 0.23619350664285516]",Please guide me to a high-priced bakery nearby.,1.0,0.8752301037311554,-0.06112274662029216,0
340,"[0.7926015593018563, 0.3448714858578894, 0.17665080189075671, 0.8177448830559783, 0.08127437270781959, 0.8837564100157642]",Please guide me to a highly-rated Indian cafe that accepts contactless payment.,1.0,0.832989513874054,-0.08013747134914995,0
341,"[0.461865960221229, 0.01977141435344254, 0.381185069768196, 0.41713981765268915, 0.4784385066762797, 0.7325173535393131]",Please guide me to a high-priced bar accepting mobile payment.,1.0,0.9390982389450073,-0.0666411401540783,0
342,"[0.5738207942772049, 0.25466531025308814, 0.43188862748542656, 0.1303425971950692, 0.38114983802488467, 0.186038883048181]",Take me to a highly rated hotel with mobile payment and available parking.,0.4,0.9249118566513062,-0.06678043638404907,1
343,"[0.044670051154784264, 0.4766912444352667, 0.45611358160623444, 0.2600810599945293, 0.9618448364169842, 0.9443058766675017]",Take me to a moderately priced bakery nearby.,1.0,0.8752301037311554,-0.0834491594241733,0
344,"[0.16747852598658022, 0.15291813485473915, 0.5669042247758938, 0.8260154779186526, 0.3690917699615043, 0.33660830274379683]","Please guide me to a low-priced bar where credit card payment is accepted, with available parking.",1.0,0.9390982389450073,-0.061465726856558156,0
345,"[0.15485624264279751, 0.58, 0.1, 0.95, 0.37, 0.26]","Could you kindly direct me to the nearest bakery, please?",1.0,0.8752301037311554,-0.0,0
346,"[0.17052167371183868, 0.58, 0.19, 0.2, 0.4, 0.89]",Locate a high-priced grocery store with available parking.,0.2,1.0,-0.0,1
347,"[0.02169707467225053, 0.92, 0.49, 0.15, 0.06, 0.89]","Get me to a museum, like, right now!",0.2,0.0,-0.0,1
348,"[0.09358326287656296, 0.59, 0.06, 0.34, 0.4, 0.89]","Locate the closest supermarket with available parking, cash payment only.",1.0,0.8911634385585785,-0.0,0
349,"[0.07028672563334698, 0.58, 0.06, 0.17, 0.4, 0.89]","Locate a bakery nearby, please.",1.0,0.8752301037311554,-0.0,0
350,"[0.10814628577254506, 0.9, 0.05, 0.94, 0.41, 0.91]",Could you kindly guide me to a fancy grocery store that accepts cash?,0.2,0.0,-0.0,1
351,"[0.13564234934965766, 0.59, 0.05, 0.35, 0.45, 0.12]","Find a medium-priced bakery nearby, like, right now.",0.2,0.0,-0.0,1
352,"[0.8764948421246265, 0.96, 0.11, 0.94, 0.37, 0.26]","Hey, could you locate a cafe with a perfect 5-star rating that accepts mobile payments?",1.0,0.9026724696159363,-0.0,0
353,"[0.08323573648280472, 0.58, 0.49, 0.16, 0.11, 0.87]","Direct me to a museum, now!",0.2,0.0,-0.0,1
354,"[0.13642425810154984, 0.9, 0.94, 0.95, 0.79, 0.6]","Could you kindly guide me to a high-end supermarket where cash payment is accepted, with available parking?",0.2,1.0,-0.0,1
355,"[0.14321889792777068, 0.95, 0.11, 0.95, 0.37, 0.25]",Could you kindly locate an Italian restaurant that accepts contactless payments?,1.0,0.9640928506851196,-0.0,0
356,"[0.12984680384229483, 0.59, 0.8, 0.94, 0.86, 0.89]",Could you kindly direct me to a low-priced supermarket with contactless payment and available parking?,0.2,0.0,-0.0,1
357,"[0.17670385467581118, 0.92, 0.49, 0.15, 0.01, 0.27]","Yo, find me a bakery, like, right now, buddy!",0.2,0.0,-0.0,1
358,"[0.10877498418304568, 0.59, 0.82, 0.17, 0.73, 0.61]",Where can I find a museum that's on the pricier side?,1.0,0.9626623690128326,-0.0,0
359,"[0.030529431913855307, 0.6, 0.92, 0.16, 0.4, 0.89]","Locate a bakery, now!",0.2,1.0,-0.0,1
360,"[0.1960831092886257, 0.9, 0.81, 0.94, 0.72, 0.6]",Could you kindly guide me to a high-end dining establishment in the vicinity?,1.0,0.9640928506851196,-0.0,0
361,"[0.06561366221427385, 0.59, 0.05, 0.15, 0.44, 0.12]","Take me to a moderately priced bakery, ASAP.",0.2,1.0,-0.0,1
362,"[0.9289131539772906, 1.0, 0.11, 0.94, 0.37, 0.26]",Could you please guide me to a highly-rated Italian cafe that accepts contactless payments?,1.0,0.832989513874054,-0.0,0
363,"[0.1694414718586036, 0.59, 0.49, 0.16, 0.4, 0.27]","Locate the nearest museum, now!",0.2,0.0,-0.0,1
364,"[0.16765044909120813, 0.34, 0.94, 0.19, 0.8, 0.68]",Find me a fancy dining establishment with a high price range.,1.0,0.9640928506851196,-0.0,0
365,"[0.17158303148062642, 0.037509625087164794, 0.41791686904410325, 0.4876058615496949, 0.4096517826463484, 0.8581338849945646]",Please guide me to a bakery with medium prices.,1.0,0.8752301037311554,-0.07983027361165562,0
366,"[0.1457987202543345, 0.4324708409553672, 0.9147700789806975, 0.9206197502894482, 0.8925005891898624, 0.8821077487093902]",I'm looking for a medium-priced supermarket that accepts cash.,1.0,0.8911634385585785,-0.09922976050790067,0
367,"[0.7989445923925634, 0.7363963252920228, 0.9141283853078158, 0.05018843951167609, 0.9775430476896338, 0.6204875669732762]",Take me to a museum with a 4.5 rating and available parking.,1.0,0.9626623690128326,-0.07710691049509544,0
368,"[0.5637792204747951, 0.8555295651458745, 0.02398505971254572, 0.9868534033710581, 0.5568215899972145, 0.616921934530599]",Where can I find a French restaurant that accepts cash?,1.0,0.9640928506851196,-0.0969415381569283,0
369,"[0.9479141431337941, 0.008117152322742377, 0.14672582788682287, 0.280650322760414, 0.866003966483352, 0.43061348120576776]",I'd like to visit a top-rated museum nearby.,1.0,0.9626623690128326,-0.09132293209412867,0
370,"[0.5685900097830529, 0.5797702985857259, 0.3562706853404499, 0.2857616444957256, 0.7235343610278666, 0.2893364610735334]","Where can I find a bar with mobile payment, 4-star rating, and available parking?",1.0,0.9390982389450073,-0.07953082620341523,0
371,"[0.507629760768018, 0.8756581819474937, 0.0045317382746906665, 0.00019116947867144074, 0.15785994709971254, 0.3685549663635439]","Find a low-priced Japanese cafe accepting credit card, rated 4.0.",0.2,1.0,-0.10419864236264031,1
372,"[0.3602900032053631, 0.7114475359837902, 0.8467714782121076, 0.43678633851970383, 0.3453798770284927, 0.9389508715763937]","Take me to a bar with a 3.5 rating, credit card payment.",1.0,0.9390982389450073,-0.09841463896884461,0
373,"[0.05446658701961016, 0.853173225319835, 0.8038000625794637, 0.0787757945758385, 0.7873163297298472, 0.4336021243980216]",Take me to a low-priced supermarket with available parking.,1.0,0.8911634385585785,-0.06719992337677572,0
374,"[0.9647648837540239, 0.199775036536098, 0.525869490145538, 0.5908965033824843, 0.3476572236866067, 0.8247560138731711]",Please guide me to a highly rated hotel with contactless payment.,1.0,0.9249118566513062,-0.08225739623068407,0
375,"[0.17125395906496194, 0.65, 0.49, 0.15, 0.02, 0.27]","Locate a bakery, like, right this instant, you know.",0.2,0.0,-0.0,1
376,"[0.11757623766991598, 0.48, 0.46, 0.26, 0.96, 0.94]",Locate a moderately priced bakery in the vicinity.,1.0,0.8752301037311554,-0.0,0
377,"[0.1561513855670068, 0.34, 0.18, 0.93, 0.81, 0.88]",Could you kindly guide me to a high-end grocery store that accepts contactless payments?,0.2,1.0,-0.0,1
378,"[0.09449355970097742, 0.59, 0.07, 0.16, 0.4, 0.27]","Locate the closest bakery, now!",0.2,0.0,-0.0,1
379,"[0.11849428658024795, 0.92, 0.49, 0.15, 0.06, 0.89]","Get me to a museum, like, right now!",0.2,1.0,-0.0,1
380,"[0.58000446194091, 0.25, 0.42, 0.13, 0.09, 0.19]",Find a high-rated hotel with cash payment and available parking.,1.0,0.9687078595161438,-0.0,0
381,"[0.2882092000328015, 0.64, 0.08, 0.35, 0.44, 0.19]","Get me a Mexican restaurant with medium pricing, chop-chop.",1.0,0.9640928506851196,-0.0,0
382,"[0.049607912496725005, 0.61, 0.49, 0.17, 0.47, 0.26]","Locate a museum, now would you?",0.2,0.0,-0.0,1
383,"[0.08380405462506524, 0.9, 0.82, 0.94, 0.8, 0.92]",Could you kindly guide me to a casual grocery store that accepts cash?,1.0,0.8911634385585785,-0.0,0
384,"[0.16425073871675883, 0.59, 0.46, 0.17, 0.96, 0.87]",Where can I find a bakery around here? I'm in the mood for something sweet.,1.0,0.8752301037311554,-0.0,0
385,"[0.11459193249952855, 0.92, 0.77, 0.15, 0.42, 0.27]","Yo, find me a museum, like, right now.",0.2,0.0,-0.0,1
386,"[0.03009940403831539, 0.5, 0.43, 0.26, 0.96, 0.94]","Could you direct me to the nearest museum, please?",1.0,0.9626623690128326,-0.0,0
387,"[0.03780739024415021, 0.34, 0.18, 0.94, 0.08, 0.67]",Please guide me to a moderately priced cafe where I can pay with cash.,1.0,0.9026724696159363,-0.0,0
388,"[0.18223114878179142, 0.59, 0.48, 0.16, 0.4, 0.89]","Locate a nearby bakery, now!",0.2,0.0,-0.0,1
389,"[0.5272915346989296, 0.25, 0.43, 0.13, 0.4, 0.17]","Take me to a high-rated hotel with mobile payment and available parking, please.",1.0,0.9687078595161438,-0.0,0
390,"[0.4082993725237588, 0.25, 0.43, 0.13, 0.38, 0.19]","Find a high-rated hotel with a high price range and available parking, please.",1.0,0.9687078595161438,-0.0,0
391,"[0.17869011197857668, 0.66, 0.77, 0.08, 0.44, 0.18]","Locate a bakery, like, right now.",0.2,0.0,-0.0,1
392,"[0.05759539096281077, 0.47, 0.05, 0.17, 0.45, 0.11]","Take me to a moderately priced bakery, ASAP.",0.2,1.0,-0.0,1
393,"[0.15776965617412553, 0.9, 0.02, 0.93, 0.41, 0.6]",Could you kindly guide me to a supermarket? Accepting cash payments.,1.0,0.8911634385585785,-0.0,0
394,"[0.061330491815896386, 0.48, 0.46, 0.26, 0.96, 0.94]","Locate a nearby bakery, won't you?",1.0,0.8752301037311554,-0.0,0
395,"[0.6915550984930824, 0.2295433008795831, 0.11307911294869517, 0.22885915481987307, 0.6083678275267562, 0.435188111282313]",Where can I find a low-priced Turkish restaurant that accepts mobile payment?,1.0,0.9640928506851196,-0.057007072654681856,0
396,"[0.850763173282911, 0.5382622458534341, 0.3548484586154964, 0.1289054681412692, 0.6794373696124291, 0.7612150273899936]",Where can I find a highly rated bar that accepts cash?,1.0,0.9390982389450073,-0.09230009471458622,0
397,"[0.03349562315522406, 0.5331282634668802, 0.5599755175865718, 0.140100731559212, 0.022175108485865902, 0.9583802127573704]","Take me to a high-priced supermarket, contactless payment only.",0.2,1.0,-0.08702502206727547,1
398,"[0.33218280490176, 0.35606550093934164, 0.37210860785624683, 0.45365979433800274, 0.9453011179595162, 0.5183473758445738]","Could you guide me to a cafe with medium prices and a 3.5-star rating, accepting credit cards and offering available parking?",0.7,0.9026724696159363,-0.06718470823049671,1
399,"[0.6555056871570766, 0.4203777107643262, 0.9409548392633479, 0.6756149225414873, 0.6498674373417703, 0.9910538281583597]",Could you guide me to a highly-rated Chinese restaurant that accepts contactless payment?,1.0,0.9640928506851196,-0.07992587178570565,0
400,"[0.026879104876793125, 0.7009823894314131, 0.9699774307774922, 0.016222861616672885, 0.15801947995674331, 0.594266267124731]","Take me to a medium-priced Middle Eastern cafe with available parking, cash only.",1.0,0.832989513874054,-0.06003788147817635,0
401,"[0.8067651595799588, 0.5939766589420504, 0.8800586715802854, 0.168047095339809, 0.7915178555273199, 0.9726376512324558]","Take me to a top-rated Greek cafe with available parking, cash only.",1.0,0.9026724696159363,-0.05994034905161105,0
402,"[0.8683275158462048, 0.47038667982163374, 0.5396365304734713, 0.49985543522862674, 0.6483054158805714, 0.8944678458385]","Where can I find a highly rated hotel with low prices and available parking, accepting contactless payment?",1.0,0.9687078595161438,-0.08292511163259064,0
403,"[0.1756509434758089, 0.59, 0.06, 0.35, 0.01, 0.27]","Locate a museum with available parking, like, right now.",0.2,0.0,-0.0,1
404,"[0.05745831969644249, 0.66, 0.08, 0.12, 0.44, 0.18]","Get me a Mexican restaurant with medium price range and contactless payment, now.",0.2,0.0,-0.0,1
405,"[0.1424803217937657, 0.04, 0.48, 0.5, 0.41, 0.89]",Please guide me to the nearest bakery.,1.0,0.8752301037311554,-0.0,0
406,"[0.13051828716003214, 0.6, 0.03, 0.2, 0.45, 0.9]","Take me to a bakery, immediately!",0.2,0.0,-0.0,1
407,"[0.15413965178598876, 0.87, 0.01, 0.0, 0.88, 0.37]",Find me a cafe that accepts contactless payment in a medium price range.,1.0,0.9026724696159363,-0.0,0
408,"[0.008142177407742174, 0.43, 0.92, 0.92, 0.44, 0.12]",Could you kindly guide me to a bakery with moderate prices?,1.0,0.8752301037311554,-0.0,0
409,"[0.19990539733681698, 0.92, 0.77, 0.12, 0.44, 0.27]",Find me a high-end restaurant nearby.,1.0,0.9640928506851196,-0.0,0
410,"[0.08807857926913194, 0.04, 0.42, 0.49, 0.41, 0.86]",Please direct me to a bakery with moderate pricing.,1.0,0.8752301037311554,-0.0,0
411,"[0.07795534428258802, 0.59, 0.07, 0.17, 0.4, 0.86]","Locate a bakery nearby, please.",1.0,0.8752301037311554,-0.0,0
412,"[0.5269659017464926, 0.88, 0.0, 0.15, 0.06, 0.33]","Find me a 4-star Greek cafe, pronto!",1.0,0.9026724696159363,-0.0,0
413,"[0.11907994312224135, 0.58, 0.07, 0.18, 0.45, 0.12]","Get me to a bakery, like, right now!",0.2,0.0,-0.0,1
414,"[0.18328179147645854, 0.66, 0.77, 0.12, 0.44, 0.92]","Locate a nearby bakery, you know what to do.",1.0,0.8752301037311554,-0.0,0
415,"[0.19081714779159842, 0.59, 0.48, 0.16, 0.4, 0.89]","Find me a bakery nearby, now!",0.2,0.0,-0.0,1
416,"[0.0564663232673093, 0.63, 0.05, 0.16, 0.4, 0.89]","Locate a bakery, pronto.",1.0,0.8752301037311554,-0.0,0
417,"[0.40793347414533687, 0.88, 0.0, 0.0, 0.16, 0.37]","Yo, locate a low-priced bar with a 4-star rating, accepting credit cards.",1.0,0.9390982389450073,-0.0,0
418,"[0.14255865020768735, 0.59, 0.93, 0.92, 0.87, 0.88]",Could you kindly guide me to a moderately priced supermarket accepting cash?,1.0,0.8911634385585785,-0.0,0
419,"[0.012309198209984301, 0.92, 0.79, 0.15, 0.42, 0.27]","Find me a Mexican spot, pronto, no cash, por favor.",1.0,0.9640928506851196,-0.0,0
420,"[0.07843941214366648, 0.9, 0.81, 0.94, 0.8, 0.6]",Could you guide me to a budget-friendly supermarket that accepts cash?,1.0,0.8911634385585785,-0.0,0
421,"[0.017017023845805987, 0.59, 0.04, 0.17, 0.4, 0.26]","Get me to the nearest bakery, now!",0.2,0.0,-0.0,1
422,"[0.5619889055974152, 0.88, 0.49, 0.01, 0.15, 0.88]",Take me to a moderately priced Japanese cafe with a decent 4.0 rating.,1.0,0.9026724696159363,-0.0,0
423,"[0.04147558447618576, 0.7253434858288571, 0.10183234322737585, 0.18429494870764018, 0.18559239697997662, 0.9623836485656398]",Take me to a bar with credit card payment and available parking.,1.0,0.9390982389450073,-0.07306640456745295,0
424,"[0.6632549370860835, 0.6910288587502027, 0.673178589858838, 0.7473334436925151, 0.017762924960461945, 0.4312516345601444]","Take me to a Chinese cafe with a 4.5 rating, low prices, and available parking.",1.0,0.9026724696159363,-0.07556589367013955,0
425,"[0.3382640972675245, 0.7383847733472195, 0.5690005790248505, 0.4818733235447755, 0.11755726342158093, 0.9967130375296789]",Find a high-rated German restaurant that accepts credit card payments.,1.0,0.9640928506851196,-0.08335954118139977,0
426,"[0.13951916090483257, 0.4895662396048735, 0.6541213108241672, 0.7473893317409336, 0.07728897147488639, 0.5111017153553982]","Could you guide me to the nearest bakery, please?",1.0,0.8752301037311554,-0.09105608651799213,0
427,"[0.4843008082066104, 0.22531330795588433, 0.520447929801659, 0.08202544103363406, 0.5641629181850083, 0.17442902242638664]",Where can I find a medium-priced hotel with a 4-star rating and available parking?,1.0,0.9687078595161438,-0.07772638606891213,0
428,"[0.10909206056126651, 0.6259913133246364, 0.8328036973773616, 0.7506152494578799, 0.9369197573375988, 0.37356149855854626]","Could you guide me to a museum nearby, please?",1.0,0.9626623690128326,-0.0888106979485126,0
429,"[0.5302174043617177, 0.5391490978690103, 0.38483557540146796, 0.45434820839912965, 0.45937561568322605, 0.5144152927737226]",Find a highly rated hotel that accepts mobile payment.,0.7,0.9249118566513062,-0.09840447333526847,1
430,"[0.012955991309573991, 0.59, 0.09, 0.17, 0.4, 0.89]","Find me the nearest museum, right now!",0.2,0.0,-0.0,1
431,"[0.01903533844341683, 0.59, 0.49, 0.17, 0.4, 0.89]","Get me to the closest bakery, now!",0.2,0.0,-0.0,1
432,"[0.07271387617678181, 0.89, 0.81, 0.02, 0.15, 0.59]",Find me a high-end hotel that accepts contactless payment.,1.0,0.9687078595161438,-0.0,0
433,"[0.06411527431212177, 0.53, 0.56, 0.4, 0.45, 0.12]","Locate a medium-priced bakery nearby, please.",1.0,0.8752301037311554,-0.0,0
434,"[0.8380494462501697, 0.59, 0.35, 0.13, 0.68, 0.76]",Where can I find a moderately priced bar with a top rating and available parking?,1.0,0.9390982389450073,-0.0,0
435,"[0.16684781752481198, 0.59, 0.04, 0.17, 0.4, 0.28]","Locate the closest bakery, now!",0.2,1.0,-0.0,1
436,"[0.9740057524636744, 0.54, 0.35, 0.13, 0.68, 0.76]",Where can I find a highly-rated restaurant that accepts cash and falls within a medium price range?,1.0,0.9640928506851196,-0.0,0
437,"[0.15048762888782227, 0.59, 0.99, 0.17, 0.16, 0.59]",Take me to a bar with available parking.,1.0,0.9390982389450073,-0.0,0
438,"[0.306040521161538, 0.35, 0.75, 0.12, 0.99, 0.5]",Find a Mexican eatery with a 3.5-star rating that accepts contactless payments.,0.7,0.9640928506851196,-0.0,1
439,"[0.08355588881082182, 0.53, 0.56, 0.94, 0.02, 0.95]",Please guide me to a high-end supermarket where I can pay with cash.,0.2,1.0,-0.0,1
440,"[0.28578960218860183, 0.66, 0.74, 0.12, 0.44, 0.18]","Locate a Mexican restaurant, 3.5 stars, cash payment, ASAP.",0.2,0.0,-0.0,1
441,"[0.14639413096470552, 0.59, 0.49, 0.16, 0.4, 0.26]","Locate a museum, now!",0.2,0.0,-0.0,1
442,"[0.06706724373921169, 0.9, 0.81, 0.94, 0.8, 0.6]","Could you guide me to a supermarket with cash payment, low prices, and available parking, please?",1.0,0.8911634385585785,-0.0,0
443,"[0.14768411053225175, 0.53, 0.56, 0.35, 0.06, 0.13]","Take me to a low-priced supermarket, pronto!",1.0,0.8911634385585785,-0.0,0
444,"[0.9024718944244084, 0.54, 0.05, 0.13, 0.71, 0.76]",Where can I find a bar with a 5-star rating and medium price?,1.0,0.9390982389450073,-0.0,0
445,"[0.09640920361714096, 0.59, 0.04, 0.23, 0.4, 0.29]","Locate a hotel with available parking, now!",0.2,0.0,-0.0,1
446,"[0.8766565100577178, 0.54, 0.36, 0.13, 0.63, 0.19]","Where can I find a Thai restaurant that accepts cash, has a 5-star rating, and falls within a medium price range?",0.2,1.0,-0.0,1
447,"[0.144424175257416, 0.7, 0.97, 0.17, 0.16, 0.46]","Take me to a high-priced Middle Eastern cafe with cash payment and available parking, please.",1.0,0.9026724696159363,-0.0,0
448,"[0.23936059724080988, 0.36, 0.37, 0.45, 0.95, 0.52]",Can you locate a moderately priced restaurant with a 3.5-star rating that accepts contactless payments?,1.0,0.9640928506851196,-0.0,0
449,"[0.10719555089503707, 0.53, 0.56, 0.14, 0.02, 0.96]",Find a high-end grocery store accepting cash payments.,0.1,1.0,-0.0,1
450,"[0.11864116412178982, 0.015766924574711294, 0.9726207270116207, 0.5890050918773964, 0.2933172787528494, 0.504773166753193]","Take me to a supermarket, payment in cash please.",1.0,0.8911634385585785,-0.10020359239279752,0
451,"[0.8398361317864612, 0.18822421306440212, 0.8300274627659106, 0.9080680257300593, 0.9948187458485398, 0.48941943251784226]",Could you kindly guide me to a highly rated American restaurant with a high price range?,1.0,0.9640928506851196,-0.06072833608997685,0
452,"[0.4800778961989033, 0.0014235515627982753, 0.039004308646150565, 0.9893843667133938, 0.7596835349608959, 0.37672015617827515]","I'm looking for a highly rated, affordable Greek restaurant nearby.",1.0,0.9640928506851196,-0.06364974098145826,0
453,"[0.7818971245367885, 0.11233340710600839, 0.36356358807781425, 0.04217039408360832, 0.8807554766311397, 0.9625376599953439]",I'm looking for a hotel with a 4.5-star rating and low price range.,0.7,0.9687078595161438,-0.09764816161388246,1
454,"[0.1579314544392525, 0.59, 0.5, 0.15, 0.41, 0.9]","Locate a bakery nearby, please.",1.0,0.8752301037311554,-0.0,0
455,"[0.029137338198596582, 0.9, 0.81, 0.94, 0.8, 0.65]",I'm searching for a fancy cafe that only accepts cash.,0.7,0.9026724696159363,-0.0,1
456,"[0.06898038276589802, 0.59, 0.06, 0.17, 0.4, 0.89]","Locate the nearest museum, now!",0.2,1.0,-0.0,1
457,"[0.0833442213760049, 0.59, 0.49, 0.17, 0.45, 0.89]","Locate the nearest bakery, now!",0.2,0.0,-0.0,1
458,"[0.11116585477628943, 0.49, 0.05, 0.35, 0.45, 0.51]","Locate a bakery with medium prices, find it now.",0.2,0.0,-0.0,1
459,"[0.19677096452552822, 0.59, 0.49, 0.17, 0.4, 0.89]","Locate the nearest bakery, now!",0.2,1.0,-0.0,1
460,"[0.035163027247278586, 0.66, 0.5, 0.19, 0.51, 0.18]","Find me a bakery with affordable prices, will you?",1.0,0.8752301037311554,-0.0,0
461,"[0.09829928979669028, 0.59, 0.06, 0.17, 0.4, 0.89]","Find a bakery, right now!",0.2,1.0,-0.0,1
462,"[0.17730163327127246, 0.59, 0.04, 0.46, 0.4, 0.52]",Find a luxurious hotel that allows high-end mobile payments.,1.0,0.9687078595161438,-0.0,0
463,"[0.15579814306573622, 0.5, 0.65, 0.75, 0.07, 0.51]",Please guide me to a nearby bar.,1.0,0.9390982389450073,-0.0,0
464,"[0.03619076035154338, 0.59, 0.5, 0.17, 0.4, 0.29]","Locate a bakery, like, right now, please.",0.2,0.0,-0.0,1
465,"[0.07209333546289357, 0.64, 0.49, 0.16, 0.4, 0.27]","Locate the closest museum, now!",0.2,0.0,-0.0,1
466,"[0.13496496968136307, 0.6, 0.06, 0.17, 0.4, 0.29]","Locate a museum with available parking, now!",0.2,0.0,-0.0,1
467,"[0.19400068507659982, 0.58, 0.07, 0.17, 0.4, 0.9]","Take me to a bakery, immediately.",0.2,0.0,-0.0,1
468,"[0.07384207239387097, 0.49, 0.05, 0.33, 0.08, 0.11]","Find me a medium-priced supermarket, now!",0.2,0.0,-0.0,1
469,"[0.19199960598808163, 0.59, 0.49, 0.17, 0.4, 0.89]","Get me to the closest bakery, now!",0.2,1.0,-0.0,1
470,"[0.1242684465881278, 0.66, 0.5, 0.15, 0.44, 0.18]","Get me a restaurant that accepts mobile payments, like, right now.",0.2,0.0,-0.0,1
471,"[0.016799953723379904, 0.59, 0.49, 0.16, 0.4, 0.26]","Locate a museum, right now!",0.2,0.0,-0.0,1
472,"[0.15760857241228315, 0.59, 0.02, 0.14, 0.4, 0.52]","Find a bakery, now!",0.2,1.0,-0.0,1
473,"[0.12098238198763021, 0.49, 0.69, 0.11, 0.09, 0.51]","Locate the nearest supermarket, now!",0.2,0.0,-0.0,1
474,"[0.011173668834200942, 0.504054285683426, 0.6386806167499033, 0.5555080341300644, 0.17495088727468236, 0.2449802317105635]",Find me a bakery with low prices nearby.,1.0,0.8752301037311554,-0.08563399708514441,0
475,"[0.48545122720279954, 0.3405360497819675, 0.5267995492351008, 0.4945903327206196, 0.14495353538660594, 0.21184087447349415]","Take me to a moderately priced Vietnamese restaurant, contactless payment.",1.0,0.9640928506851196,-0.08464372533881914,0
476,"[0.11540462465003881, 0.8730011048456251, 0.14353571647415486, 0.3950786300062481, 0.00250815503250304, 0.9074209601377062]","Take me to a low-priced supermarket, cash only.",1.0,0.8911634385585785,-0.09864745556944943,0
477,"[0.41539130787223744, 0.11564457124112326, 0.2700551654746454, 0.3689108125399007, 0.9458087408542293, 0.9920483733174997]",I'm looking for a highly-rated Indian cafe with a high price range.,0.2,1.0,-0.0766213315886467,1
478,"[0.19245381993316302, 0.69, 0.49, 0.15, 0.02, 0.25]","Locate a bakery, like, right this instant, you know.",0.2,1.0,-0.0,1
479,"[0.14271312821792212, 0.59, 0.03, 0.16, 0.4, 0.18]","Get me to a restaurant, like, right now!",0.2,0.0,-0.0,1
480,"[0.02135830138499477, 0.9, 0.83, 0.18, 0.81, 0.26]","Hey, where can I find a fancy bakery in this area?",1.0,0.8752301037311554,-0.0,0
481,"[0.06322553143738814, 0.59, 0.49, 0.19, 0.4, 0.27]","Locate a nearby museum, now!",0.2,0.0,-0.0,1
482,"[0.005533881105185295, 0.02, 0.98, 0.28, 0.08, 0.5]",Locate a nearby budget-friendly supermarket.,1.0,0.8911634385585785,-0.0,0
483,"[0.07149695688013108, 0.59, 0.5, 0.13, 0.4, 0.29]","Locate a cafe, like, right this instant.",0.2,0.0,-0.0,1
484,"[0.16516252768163936, 0.61, 0.05, 0.18, 0.45, 0.11]","Locate a medium-priced bakery, like, right now.",0.2,0.0,-0.0,1
485,"[0.7690491521394126, 0.59, 0.36, 0.04, 0.4, 0.25]","Locate a hotel with a solid 4.5 rating, please.",0.4,0.9249118566513062,-0.0,1
486,"[0.0828477910641347, 0.89, 0.82, 0.94, 0.8, 0.63]","Could you kindly direct me to a high-end bakery, please?",1.0,0.8752301037311554,-0.0,0
487,"[0.028461303247306446, 0.49, 0.06, 0.17, 0.4, 0.89]",Locate the nearest supermarket that accepts credit card payments.,1.0,0.8911634385585785,-0.0,0
488,"[0.09536242332742557, 0.58, 0.07, 0.17, 0.4, 0.9]","Take me to a museum, now!",0.2,1.0,-0.0,1
489,"[0.02633501485006383, 0.59, 0.03, 0.16, 0.4, 0.93]","Locate a restaurant that allows mobile payments, now!",0.2,0.0,-0.0,1
490,"[0.16747285112404833, 0.9, 0.8, 0.94, 0.8, 0.6]",Could you kindly guide me to a high-end grocery store accepting cash?,0.2,0.0,-0.0,1
491,"[0.0723311244102815, 0.59, 0.05, 0.16, 0.4, 0.89]","Locate a museum, now!",0.2,1.0,-0.0,1
492,"[0.07553473462919412, 0.02, 0.97, 0.59, 0.29, 0.5]",Please guide me to a moderately priced supermarket accepting cash.,1.0,0.8911634385585785,-0.0,0
493,"[0.0783411192639812, 0.62, 0.5, 0.17, 0.4, 0.29]","Locate a bakery nearby, find it!",1.0,0.8752301037311554,-0.0,0
494,"[0.0008211293702970607, 0.02, 0.96, 0.17, 0.3, 0.51]",Locate a moderately priced grocery store in the vicinity.,0.2,0.0,-0.0,1
495,"[0.11710295824148793, 0.59, 0.49, 0.16, 0.4, 0.26]","Find me a museum, now!",0.2,0.0,-0.0,1
496,"[0.1603509619258437, 0.9, 0.05, 0.19, 0.8, 0.61]","Yo, I need a bakery, like, right now!",0.2,0.0,-0.0,1
497,"[0.08846975324678674, 0.59, 0.69, 0.11, 0.4, 0.89]","Find me the closest museum, now!",0.2,1.0,-0.0,1
