Index,vars,utterance,answer,Fitness_answer_fitness,Fitness_content_fitness,Fitness_distance
0,"[0.6655657102947667, 0.5850231597648287, 0.6172405018213216, 0.6606736838517563, 0.2919955347033507]","Navigate to a, um, high-rated hotel with parking available, please.","I found the Philadelphia Gateway Parking Facility, rated 4.5/5, which offers parking. Would you like me to navigate there? If you have other preferences or places in mind, let me know!",0.75,0.6769927144050598,-0.0
1,"[0.12109866972488813, 0.18913039285187455, 0.5376445219508917, 0.540743045064892, 0.9664034921965664]",Could please guide a high-end supermarket that accepts mobile payments?,"I recommend DASHED, a food delivery service that accepts mobile payments. It's located at 310 E Girard Ave. 

Would you like me to navigate there, or do you have other preferences in mind?",0.75,0.7461632192134857,-0.0
2,"[0.789645515485175, 0.8838235041342424, 0.44981536818794127, 0.6506315136345721, 0.3473986934622326]","Navigate two a baar with lowe prices and parking available, please.","I found Tbaar Philadelphia, a bubble tea and food spot with low prices and parking available. Would you like me to navigate there? Or do you have other places in mind?",1.0,0.7290890216827393,-0.0
3,"[0.04293040213801591, 0.3467132778483052, 0.524855469869743, 0.8964647768041951, 0.22992391018928665]",Could you please guide me to a high-end supermarket with contactless payment options and available parking?,"I recommend DASHED, a high-end supermarket with contactless payment options. It has available parking but a low rating. 

Would you like me to navigate there, or do you have other preferences in mind?",1.0,0.7461632192134857,-0.0
4,"[0.1743441077363549, 0.5139076160458552, 0.8408129072642844, 0.5894056387415105, 0.0700396248355995]",Navigate to a. high-end barr that accepts cash.,"It seems like the option provided is not a high-end bar. Would you like me to search for other places, or do you have a specific location in mind?",0.375,0.6654961705207825,-0.0
5,"[0.10608285459034915, 0.36953968309477264, 0.595107740883401, 0.699320196513625, 0.5806224653791371]",Could you help me find high-end bakery nearby?,"Sorry, I cannot find any relevant places.",0.875,0.0,-0.0
6,"[0.04492384505728389, 0.4751819710490289, 0.16477633249852722, 0.3351260452706856, 0.08815550244259662]",Failed to generate question due to error 'NoneType' object has no attribute 'replace' of type <class 'AttributeError'>,It seems there was an error in processing your request. Can you please try again or provide more details?,0.375,0.0,-0.0
7,"[0.7813069472532803, 0.8859663228600917, 0.4903049853434864, 0.507284295985255, 0.872964450501645]","Navigate to a high-end bar, you know, with a 4.5 rating and parking.","I recommend the Saloon Restaurant, a high-end spot with a 4.5 rating, offering Chinese and Italian cuisine. Should I navigate there? Or do you have other preferences in mind?",0.75,0.7355660051107407,-0.0
8,"[0.0555866343938529, 0.8480663951350129, 0.4184244694077575, 0.9740447764286464, 0.9765552714440705]",Could you help me fined ae high-end bakery nearby?,"Sorry, I cannot find any relevant places.",1.0,0.0,-0.0
9,"[0.254147474174602, 0.49375798458333137, 0.5521312333683358, 0.32611756066941716, 0.6588684962457447]","Find me a low-priced hotel with a 3.5 rating, contactless payment.","It seems I couldn't find a low-priced hotel with a 3.5 rating and contactless payment. However, I found ""Make Me Dreadful,"" a highly-rated hair salon. Would you like to navigate there, or do you have other preferences in mind?",1.0,0.6809072345495224,-0.0
10,"[0.5110334525532741, 0.04118123264904816, 0.20018636323981198, 0.4458336988522642, 0.8051279487726961]","Could you, um, please locate a high-rated hotel with a 4-star rating?","I found Ardiente, a highly-rated nightlife spot with a 4.5/5 rating, offering Latin American and Asian Fusion cuisine. Would you like me to navigate there, or do you have other preferences in mind?",0.5,0.784639984369278,-0.0
11,"[0.7924846990225145, 0.0016878683989353938, 0.9205195418273576, 0.35955100069667695, 0.5164082025754945]",Navigate to ay high-rated hotel withe cash payment and parking.,"Sorry, I cannot find any relevant places.",0.875,0.0,-0.0
12,"[0.806336413264727, 0.8978451280387512, 0.2706352296834127, 0.9126230431691585, 0.03992850106881349]",Navigate to ae low-priced hotel withe a 5-star rating and parking.,"I found The Athenaeum of Philadelphia, rated 5.0/5, but it’s not a hotel. Would you like to navigate there or search for other options?",0.75,0.6962512731552124,-0.0
13,"[0.6296925704870738, 0.2589567735650946, 0.1627756351943678, 0.5645298034579216, 0.42745578481033725]",Navigate thuy ae high-rated hotel with mobile payment options.,"Sorry, I cannot find any relevant places.",0.75,0.0,-0.0
14,"[0.02468348911937343, 0.12753115822025363, 0.48417163637641386, 0.9602810075440169, 0.993978983155366]",Could you please guide me to a high-end supermarket with parking available? I prefer to use my credit card.,"I recommend DASHED, a high-end supermarket with parking available. It's located at 310 E Girard Ave. Would you like me to navigate there? If you have other preferences or places in mind, just let me know!",1.0,0.7461632192134857,-0.0
15,"[0.8483965340608982, 0.069202027356794, 0.38850040820422893, 0.12249087020982415, 0.6508984485542234]",Navigate tue a hotel withe a 5-star rating and parking available.,"Sorry, I cannot find any relevant places.",0.75,0.0,-0.0
16,"[0.7330670442168518, 0.6566104811208079, 0.6086570697548035, 0.8706947103103073, 0.38909505966506464]",Could you please find a hotel a 4.5 rating? Credit card only.,"I found the Philadelphia Pet Hotel & Villas, rated 4.5/5. It's a great option for pet services. 

Would you like me to navigate there, or do you have other preferences in mind?",1.0,0.6322984993457794,-0.0
17,"[0.1991205148070504, 0.6974462606371529, 0.8197049042854166, 0.9700591231332492, 0.17852122087734204]","Navigate to ae bakery nearby, please.","Sorry, I cannot find any relevant places.",0.75,0.0,-0.0
18,"[0.03600371093682829, 0.9211540137026775, 0.5214490720106082, 0.950103941025059, 0.9045839400188271]",Could you pleas guide mea tu a high-end supermarket with parking?,"I found DASHED, a food delivery service rated 2.0/5, located at 310 E Girard Ave. It offers parking. 

Would you like me to navigate there, or do you have other preferences in mind?",0.75,0.7461632192134857,-0.0
19,"[0.06743534526039237, 0.1985860569264748, 0.8727388325072806, 0.20523887875813518, 0.16365391098104273]","Navigate to a high-end supermarket, you know, with contactless payment and parking.","I found DASHED, a food delivery service with a rating of 2.0/5. It offers contactless payment but may not be ideal. 

Would you like me to navigate there, or do you have other preferences in mind?",0.625,0.7461632192134857,-0.0
20,"[0.3896704769627731, 0.9758316102272898, 0.46387100889959787, 0.022791073492227087, 0.44002930980627075]","Navigate to a, um, high-rated hotel with cash payment and parking.","Sorry, I cannot find any relevant places.",0.75,0.0,-0.0
21,"[0.7339026422578049, 0.12443466945413262, 0.8839135099767154, 0.29486650863271624, 0.7120206629153044]",Navigate to a hotel with cash payment and good parking.,"It seems the only option available is Budget Rent A Car, but it’s primarily a car rental service. Would you like to navigate there, or do you have other preferences or places in mind?",0.375,0.9249118566513062,-0.0
22,"[0.9727313333639782, 0.05147330970465758, 0.031245458665006026, 0.3305489683431292, 0.26150837331924676]",Navigate thuy a hotel with a. 5-star rating and contactless payment. Parking available.,"Sorry, I cannot find any relevant places.",0.875,0.0,-0.0
23,"[0.7674358655772362, 0.46903207251101986, 0.31188489758262716, 0.7891358676528417, 0.621643681396476]","Could you, um, help me find a low-priced hotel with a 4.5 rating that accepts contactless payments?","It seems I couldn't find a hotel that meets your criteria, but I found iPho, a Vietnamese restaurant rated 4.5/5. Would you like to navigate there, or do you have other preferences in mind?",0.5,0.784639984369278,-0.0
24,"[0.8554230916217819, 0.27151795271370405, 0.7642652717735673, 0.14563712777565485, 0.3349758059631469]",Navigate to a high-rated hotel accepting mobil payments.,It seems there are no high-rated hotels that accept mobile payments in the options provided. Would you like to search for other hotels or specific points of interest?,1.0,0.5962416529655457,-0.0
25,"[0.5850985620458435, 0.2876009561121433, 0.22659974246076464, 0.6666721088591131, 0.11605171560044075]",Navigate to a high-rated baar that accepts credit card's.,"I recommend Tbaar, a bubble tea and dessert spot rated 4.0/5, located at 4321 Main St. Should I navigate there? Or do you have other preferences in mind?",0.75,0.7290890216827393,-0.0
26,"[0.9801492550129857, 0.9146140071464881, 0.2576924321395771, 0.34031866112836007, 0.019561481527487462]",Navigate two a barre with a 5-star rating. Credit card accepted.,"I recommend Tuck Barre & Yoga, a 5-star rated barre class at 1155 S 20th St. Would you like me to navigate there? If you have other preferences or places in mind, just let me know!",1.0,0.6401708126068115,-0.0
27,"[0.13068283367422512, 0.5044745816187168, 0.2744664589386244, 0.26219012577043715, 0.711999232615658]",Navigate to high-end supermarket. Got it?,"I found DASHED, a food delivery service rated 2.0/5, located at 310 E Girard Ave. Would you like to navigate there, or do you have another place in mind?",0.5,0.7461632192134857,-0.0
28,"[0.9345429278854833, 0.6821011338888708, 0.5883544701334865, 0.8256127644886563, 0.010052432384899918]","Navigate tew ae barre with a five-star rating, please.","Sorry, I cannot find any relevant places.",0.75,0.0,-0.0
29,"[0.6736338566624142, 0.16579299369002368, 0.2547924416411095, 0.6389357268011738, 0.22833198955570527]",Please navigate to ae high-rated hotel withe a 4.5 rating.,"Sorry, I cannot find any relevant places.",0.75,0.0,-0.0
30,"[0.6902625648381018, 0.5818819208241329, 0.10097579622082915, 0.5223599275355792, 0.013061241012007563]",Navigate to a high-rated bar with a 4.5 rating.,"I found Bold Coffee Bar, rated 5.0, located at 1623 Ridge Ave. Would you like me to navigate there, or do you have other preferences?",1.0,0.7355660051107407,-0.0
31,"[0.04179457860877372, 0.49411206520815504, 0.6183163009218497, 0.36080346900489035, 0.6194304309675046]",Navigate to a high-end supermarket that accepts mobile payments.,"I found DASHED, a high-end food delivery service that accepts mobile payments, located at 310 E Girard Ave. Would you like me to navigate there, or do you have other preferences in mind?",0.75,0.7461632192134857,-0.0
32,"[0.9322201788637111, 0.5572192997366877, 0.5136549511723939, 0.7379325948395522, 0.11054484840350334]","Navigate to a high-rated hotel with available parking, please.","I found the Philadelphia Gateway Parking Facility, rated 4.5/5, which offers parking. Would you like me to navigate there? If you have other preferences or places in mind, let me know!",1.0,0.6769927144050598,-0.0
33,"[0.014419062662798687, 0.7407026379195023, 0.4185634988743935, 0.7308435307397645, 0.6469612900722062]",Could you help mi find ae supermarket withe parking available? AI can pei with a credit card.,"Sorry, I cannot find any relevant places.",0.75,0.0,-0.0
34,"[0.06482850534207625, 0.3767514914538209, 0.18037678665034873, 0.35329440260143974, 0.26730082279472156]",Navigate to a high-end supermarket with parking available.,"The only option is DASHED, a DIY food and delivery service with a 2.0 rating. Would you like to navigate there, or do you have other preferences in mind?",0.75,0.7461632192134857,-0.0
35,"[0.6194360426636586, 0.7645705459152394, 0.9345014333912258, 0.7147757462795726, 0.47893217099872704]",Navigate tue ay museum with a solid 4.5 rating.,"Sorry, I cannot find any relevant places.",0.875,0.0,-0.0
36,"[0.911099100931554, 0.7276553948896267, 0.9743126907365306, 0.8533952899633326, 0.14564094764805682]",Navigate to ae museum withe a perfect 5-star rating.,"Sorry, I cannot find any relevant places.",0.875,0.0,-0.0
37,"[0.5857589582077114, 0.4022302844804757, 0.9989693844148728, 0.2949271812427411, 0.06634461735308275]",Navigate to ae hotel with mobil payment and parking available.,"Sorry, I cannot find any relevant places.",0.75,0.0,-0.0
38,"[0.07336562282930661, 0.034926355415192734, 0.11153275833362548, 0.15090813598537745, 0.046190075589817164]",Navigate to a hotel withe medium price's and parking available. Credit card only.,"I found Urban Enoteca, a medium-priced restaurant and bar with parking available. Would you like me to navigate there? Or do you have other preferences in mind?",0.5,0.784639984369278,-0.0
39,"[0.7434409562709671, 0.9423487829647945, 0.23798424696682746, 0.47287474764015736, 0.5916668556865834]",Navigate to a bahre with a. 4.5 rating and credit card payment.,"Sorry, I cannot find any relevant places.",1.0,0.0,-0.0
40,"[0.36944239367819326, 0.7274356316940432, 0.05519616042242044, 0.1568411998605962, 0.6679924305954523]","Yo, where's a high-priced Mexican joint 3.5 rating? Cash only?",None,0.0,0.9640928506851196,-0.0
41,"[0.808809642382992, 0.6428026848924375, 0.01874851567015781, 0.985082545420421, 0.5404032944359002]","Could you, um, please find a medium-priced hotel with a 5-star rating that accepts cash?","It seems I couldn't find a medium-priced, 5-star hotel that accepts cash. However, I found Starshine Salon, rated 5.0/5. Would you like to navigate there, or do you have other preferences in mind?",1.0,0.6809072345495224,-0.0
42,"[0.6205157687074612, 0.4142637049332695, 0.08438157765917875, 0.6544490787039793, 0.3812029775340365]",Navigate to a hotel withe a. 4.5 rating and contactless payment.,"I found the Philadelphia Pet Hotel & Villas, rated 4.5/5, offering pet services. Should I navigate you there? Or do you have other preferences?",0.75,0.6322984993457794,-0.0
43,"[0.12979951886283692, 0.5441909690935947, 0.30729356778750394, 0.34367976315928184, 0.9578892587067224]",Navigate thuy a high-end hotel with parking available.,"Sorry, I cannot find any relevant places.",0.75,0.0,-0.0
44,"[0.9135233433041944, 0.8075410994480438, 0.5364573913774748, 0.3943783461721169, 0.29113110957058574]","Navigate to ay barr withe a 5-star rating, mobile payment only.","Sorry, I cannot find any relevant places.",1.0,0.0,-0.0
45,"[0.19325926176735617, 0.7013972262031676, 0.7643031040057036, 0.3220887375084391, 0.44905603703790753]","Yo, find high-end bakery. Chop chop!","Sorry, I cannot find any relevant places.",0.75,0.0,-0.0
46,"[0.6773993064472299, 0.5236725756069256, 0.06104571957765177, 0.985285827457396, 0.23969484333171995]","Please navigate to hotel with a 4.5 rating, accepting credit cards.","I found the Philadelphia Pet Hotel & Villas, rated 4.5/5. It's a pet-friendly place, but not a traditional hotel. 

Would you like me to navigate there, or do you have other preferences in mind?",1.0,0.6322984993457794,-0.0
47,"[0.8647135203293648, 0.7339822449223595, 0.31535136248829876, 0.05585482259300292, 0.10923667464216924]","Yo, find me a cheap hotel with a 5-star rating, mobile payment only!","I found StationOne, a highly-rated Mediterranean restaurant with a 5.0/5 rating, but it’s not a hotel. Would you like to navigate there, or do you have other preferences in mind?",0.5,0.784639984369278,-0.0
48,"[0.15050809696118908, 0.14410472058046242, 0.35385427252411805, 0.8416441432944195, 0.9138347755241408]",Could you please guide me hotel accepts mobile payments?,"It seems the option provided is a mobile phone store, not a hotel. Unfortunately, I couldn't find a hotel that accepts mobile payments. Would you like me to help you search for other hotels or places?",1.0,0.6849897503852844,-0.0
49,"[0.047375274147480974, 0.01404866333252322, 0.9750239338822524, 0.5291142352543813, 0.19404334013175592]",Navigate to ay low-priced hotel nearby.,"Sorry, I cannot find any relevant places.",0.75,0.0,-0.0
50,"[0.8926680179967775, 0.8646652358718613, 0.11410620315120978, 0.9926760530041416, 0.8325148484580249]",Could you plese guide me to ay high-end bahr with a. perfect rating?,"Sorry, I cannot find any relevant places.",0.875,0.0,-0.0
51,"[0.040593990723677136, 0.1133978531438899, 0.8294872320780534, 0.25687218927665934, 0.8035627758143671]",Navigate two ae supermarket with low prices and parking available.,"Sorry, I cannot find any relevant places.",0.875,0.0,-0.0
52,"[0.4660364551523689, 0.639730069068865, 0.1435442334874029, 0.9672375805843456, 0.6813174021184973]",Could yew pleas find a hotel withe a medium price range and cache payment?,"I found Room 12 Lounge, a nightlife spot with a medium price range, rated 3.0/5. Would you like me to navigate there? Or do you have other preferences in mind?",0.75,0.7378554046154022,-0.0
53,"[0.7299611876291648, 0.2764393674714599, 0.36736391843953764, 0.6129021780852432, 0.6766415932020278]",Could yu please locate a hotel withe ay 4.5 rating that accepts cash?,"I found the Philadelphia Pet Hotel & Villas, rated 4.5/5. It's a pet-friendly place, but cash payment details are unclear. 

Would you like me to navigate there, or do you have other preferences in mind?",0.875,0.6322984993457794,-0.0
54,"[0.043577980930417565, 0.66012996867637, 0.15561266149323086, 0.5890135006763161, 0.029184615191102964]",Failed to generate question due to error 'NoneType' object has no attribute 'replace' of type <class 'AttributeError'>,It seems there was an error in processing your request. Can you please try again or provide more details?,0.375,1.0,-0.0
55,"[0.02840483930104476, 0.5437495316332455, 0.5997851361862814, 0.33973733981169707, 0.7876535086558288]","Navigate to a high-end supermarket, um, that accepts mobile payments.","I found DASHED, a food delivery service that accepts mobile payments, but it has a low rating of 2.0/5. Would you like to navigate there, or do you have other preferences in mind?",0.75,0.7461632192134857,-0.0
56,"[0.06943649370857607, 0.632596891892677, 0.026798576586637507, 0.3773793814948212, 0.28657205694760246]",Failed to generate question due to error 'NoneType' object has no attribute 'replace' of type <class 'AttributeError'>,It seems there was an error in processing your request. Can you please try again or provide more details?,0.5,1.0,-0.0
57,"[0.50714794900901, 0.7418658290789525, 0.8977682598399275, 0.9520586944656311, 0.2390025976390149]",Navigate to ay bahre with a medium pryce range and cash only.,"Sorry, I cannot find any relevant places.",0.5,0.0,-0.0
58,"[0.545842913023084, 0.6450856071474889, 0.7255292251366302, 0.41151476606860105, 0.7767213144236171]","Can you find a high-rated hotel? Four stars, please.","I found Ardiente, a highly-rated nightlife spot with a 4.5/5 rating, offering Latin American and Asian Fusion cuisine. Would you like me to navigate there, or do you have other preferences in mind?",0.5,0.784639984369278,-0.0
59,"[0.7919687560984632, 0.38179712878933186, 0.6887383102677959, 0.6222908268243795, 0.5337888841945339]","Could you, um, help me find a low-priced hotel with a 4.5 rating? I prefer to pay by credit card.","It seems the only option I found is iPho, a Vietnamese restaurant rated 4.5, but it’s not a hotel. Would you like to navigate there, or do you have other preferences in mind?",0.375,0.784639984369278,-0.0
60,"[0.11522845408603821, 0.9670840197130501, 0.5456360830092133, 0.06960142727690102, 0.4658194495620779]",Navigate to a high-end bakery. Don't waste my time.,"Sorry, I cannot find any relevant places.",0.5,0.0,-0.0
61,"[0.14773308464239954, 0.9964304356926156, 0.5794340828579249, 0.5080349120462229, 0.34587078054493764]",Navigate thuy a low-priced bakery nearby.,"Sorry, I cannot find any relevant places.",0.875,0.0,-0.0
62,"[0.3804065251194426, 0.9106521724845528, 0.7865867682769029, 0.12091831590929208, 0.9968568353615265]","Yo, find me a hotel with a decent rating, like 3.5, and contactless payment, alright?","I found the Philadelphia Pet Hotel & Villas, rated 4.5/5, offering pet services. Would you like me to navigate there? Or do you have other preferences in mind?",0.75,0.6322984993457794,-0.0
63,"[0.08742200432089756, 0.9145786454461892, 0.6515204584506232, 0.17095402483362132, 0.9731341202868927]","Hey, where's supermarket with contactless payment and parking?","It seems like I found a parking option, but no specific supermarket was listed. Payless Parking is nearby at 6975 Norwitch Dr. 

Would you like me to navigate there, or do you have other preferences in mind?",0.75,0.6510244607925415,-0.0
64,"[0.7037659139191937, 0.6167466287494404, 0.9723240153024488, 0.8924363940702195, 0.053541015825665644]",Could you please find a hotel with a medium price range and contactless payment?,"I found Medora's Mecca, an Italian restaurant with a medium price range and a rating of 3.5/5. Would you like me to navigate there, or do you have other preferences in mind?",0.5,0.784639984369278,-0.0
65,"[0.15516517097091204, 0.36428185602132745, 0.3479546222390728, 0.2717471365909291, 0.3810183726362338]",Failed to generate question due to error 'NoneType' object has no attribute 'replace' of type <class 'AttributeError'>,It seems there was an error in processing your request. Can you please try again or provide more details?,0.375,1.0,-0.0
66,"[0.9648790008570512, 0.7470280161670828, 0.6658978401768172, 0.024253135438362744, 0.5484246809899814]","Navigate to a low-priced hotel with a perfect rating, alright?","It seems I couldn't find a low-priced hotel with a perfect rating. However, there's a highly-rated hair salon called ""Make Me Dreadful"" with a 5.0/5 rating. 

Would you like me to navigate there, or do you have other preferences in mind?",0.75,0.6809072345495224,-0.0
67,"[0.05130402310349087, 0.4798467559914866, 0.6167915023187949, 0.7382266809094689, 0.8306132953680323]","Could you, um, help me find a low-priced supermarket with parking?","Sorry, I cannot find any relevant places.",0.75,0.0,-0.0
68,"[0.17547365638156098, 0.4765960113799369, 0.8835915670540118, 0.0953463033678541, 0.8897728964907493]",Failed to generate question due to error 'NoneType' object has no attribute 'replace' of type <class 'AttributeError'>,It seems there was an error in processing your request. Can you please try again or provide more details?,0.5,1.0,-0.0
69,"[0.12838195669625507, 0.5548152305929768, 0.20234183529475283, 0.3090438882089208, 0.4374520942373702]",Navigate too ae high-end bakery. I need something special.,"Sorry, I cannot find any relevant places.",0.75,0.0,-0.0
70,"[0.38149053007696054, 0.08567859288239091, 0.03544998183085893, 0.032444548161511974, 0.16988643235440018]",Navigate high-priced hotel with 3.5 rating. Mobile payment only.,"I found Verizon, rated 3.5/5, located at 1115-41 Market St. It offers mobile payment options. Should I navigate there? Or do you have other preferences in mind?",0.75,0.6849897503852844,-0.0
71,"[0.0803715423368629, 0.76979589211838, 0.987628233449135, 0.8303455443134755, 0.3453317013716498]",Could you please guide me to low-priced hotel contactless payment and parking?,"I couldn't find a low-priced hotel, but I found The Halal Guys, a budget-friendly restaurant nearby. Would you like me to navigate there, or do you have other preferences in mind?",0.375,0.784639984369278,-0.0
72,"[0.18484590491009006, 0.1830596312048073, 0.297395115789154, 0.5956834368835411, 0.03440291584067445]",Navigate tue a high-end supermarket that accepts mobile payments.,"I found DASHED, a food delivery service that accepts mobile payments, located at 310 E Girard Ave. Would you like me to navigate there, or do you have other preferences in mind?",0.75,0.7461632192134857,-0.0
73,"[0.1502401176111072, 0.6389283305637229, 0.32210000403094163, 0.8571487250224787, 0.8355038365275171]",Could you please guide me tue a. high-end supermarket with kash payment options' and available parking?,"I recommend DASHED, a high-end supermarket with cash payment options and available parking. Would you like me to navigate there? If you have other preferences or places in mind, just let me know!",1.0,0.7461632192134857,-0.0
74,"[0.8717460699974227, 0.9449355506529449, 0.4402825978836298, 0.38878317142382723, 0.7022507872715632]","Navigate to a, um, 5-star Chinese restaurant. Cash only, parking's good.","Sorry, I cannot find any relevant places.",0.875,0.0,-0.0
75,"[0.9902285662104051, 0.7265340602234033, 0.7589314108863151, 0.09852766948338831, 0.41486363276540783]",Navigate a 5-star Vietnamese cafe with mobile payment and parking.,"Sorry, I cannot find any relevant places.",0.875,0.0,-0.0
76,"[0.7757892364924751, 0.6610704216265709, 0.7154525018763578, 0.4345397892745975, 0.7427778755563554]",Could you help me fined a high-rated barr that accepts credit card's?,"I recommend Don Barriga Mexican Grill, rated 4.5/5, located at 4443 Spruce St, Fl 1st. Would you like me to navigate there? Or do you have other preferences in mind?",1.0,0.7355660051107407,-0.0
77,"[0.004130014158613221, 0.41073328735200965, 0.1009096160637594, 0.7578318937195109, 0.6267302317555349]",Could you please guide me thuy ae nearby bakery?,"Sorry, I cannot find any relevant places.",0.875,0.0,-0.0
78,"[0.7831035715113113, 0.6547180153522263, 0.9686246360448041, 0.014270474260698746, 0.0973187564724006]",Navigate high-rated hotel with cash payment and parking.,It seems there are no high-rated hotels listed that meet your criteria for cash payment and parking. Would you like to explore other options or provide different preferences?,1.0,0.6686188280582428,-0.0
79,"[0.4816466637283104, 0.4153078251443212, 0.4253043810239332, 0.9379433736531014, 0.912645280696871]",Could you please guide mi to a barre with mobil payment options'?,"I recommend barre3 Philadelphia - Rittenhouse Square, a highly-rated barre class studio. Would you like me to navigate there? Or do you have other preferences?",0.5,0.6401708126068115,-0.0
80,"[0.40986313159325194, 0.09599216863833837, 0.46285239232581804, 0.5128193092002987, 0.4430096321299333]",Navigate to a. high-rated hotel. Kash payment preferred.,"I found the Philadelphia Pet Hotel & Villas, rated 4.5/5. It's a great option for pet services. Should I navigate there? Or do you have other preferences in mind?",0.75,0.6322984993457794,-0.0
81,"[0.9343190343573695, 0.5749395697158006, 0.2901013552015377, 0.5663965856711661, 0.9345120870167317]",Navigate 5-star Italian cafe that accepts credit cards.,"Sorry, I cannot find any relevant places.",0.75,0.0,-0.0
82,"[0.15122593333887857, 0.5510994140447559, 0.9228893647604949, 0.9479424548411126, 0.9331314868580267]",Could yoo pleas guide me to a high-end supermarket that accepts contactless payments?,"I recommend DASHED, a high-end food delivery service that accepts contactless payments. Would you like me to navigate there? Or do you have other preferences in mind?",0.75,0.7461632192134857,-0.0
83,"[0.4016129513200026, 0.18501906723059625, 0.536213130563513, 0.6374227022208793, 0.6670589476628608]",Could uwe please deregt me to a bahr with a. 4-star rating and contactless payment?,"It seems the only option I found is Asia Crafts, which is a hobby shop and not a bar. Would you like me to help you find a bar with a 4-star rating and contactless payment, or do you have other preferences in mind?",0.375,0.6654961705207825,-0.0
84,"[0.9511904959847733, 0.08049980609713436, 0.3715324734828495, 0.017469367106391978, 0.030376984533815155]",Navigate two ay hotel with a 5-star rating and parking available.,"Sorry, I cannot find any relevant places.",0.75,0.0,-0.0
85,"[0.785180962519805, 0.28922153305294857, 0.08406325361547096, 0.6949012570723895, 0.9902958715321851]",Could yu please fined a hotel with a. 4.5 rating and parking?,"I found the Philadelphia Pet Hotel & Villas, rated 4.5/5, offering pet services and parking. Would you like to navigate there? Or do you have other preferences in mind?",1.0,0.6322984993457794,-0.0
86,"[0.9399213308708897, 0.5495594708340558, 0.585325238713381, 0.11828278821498761, 0.9002638177680824]",Navigate bar with a 5-star rating and contactless payment.,"I recommend Beaudee Lash Bar, a 5-star rated eyelash service at 2417 Welsh Rd, Ste 24. Would you like to navigate there? If you have other preferences or places in mind, let me know!",0.5,0.6159327700734138,-0.0
87,"[0.8962631406991711, 0.07720829670919274, 0.029729193951094718, 0.22060841898121297, 0.33648629796243423]",Navigate tue a high-end hotel with ay 5-star rating.,"It seems I found a place called P's & Q's - Premium Quality, but it's a men's clothing store, not a hotel. 

Would you like me to search for a high-end hotel with a 5-star rating instead, or do you have another place in mind?",0.5,0.6849897503852844,-0.0
88,"[0.638659612761556, 0.20482040875238597, 0.09209222033700144, 0.17424643466126183, 0.253412282383485]",Navigate thuy a cafe withe German food and contactless payment.,"Sorry, I cannot find any relevant places.",0.875,0.0,-0.0
89,"[0.09108862261816252, 0.6266232137910437, 0.6620305760518559, 0.05103694630806537, 0.17823687286103007]","Navigate to a. supermarket. Cash only, medium price's.","Sorry, I cannot find any relevant places.",0.75,0.0,-0.0
90,"[0.565759345512508, 0.21929198745398243, 0.35584217439524446, 0.39402828238675947, 0.5557438709245739]","Could yew point me to ay medium-priced hotel with ay 4-star rating? Contactless payment, plese.","It seems I found a restaurant, Lee How Fook, rated 4.0/5, but it’s not a hotel. Would you like to navigate there, or do you have other preferences in mind?",0.5,0.784639984369278,-0.0
91,"[0.5284905300140614, 0.45330216699223874, 0.29195236326534624, 0.5539909776740866, 0.699578240093816]",Can yue fined a medium-priced hotel withe a 4-star rating that accepts credit cards?,"It seems I found a restaurant, Lee How Fook, which is a 4-star rated dim sum place, but not a hotel. Would you like to navigate there, or do you have other preferences in mind?",0.375,0.784639984369278,-0.0
92,"[0.6380373964947211, 0.544171361373158, 0.15974825342030585, 0.5692284086467115, 0.7655989216161967]",Navigate to a hotel with a 4.5 rating and parking available.,"I found the Philadelphia Pet Hotel & Villas, rated 4.5/5, but it's a pet service, not a hotel for guests. Would you like to navigate there, or do you have other preferences in mind?",0.75,0.6322984993457794,-0.0
